Coronavirus ,Nave
Coronavirus ,Isolata
Coronavirus ,Giappone
Coronavirus ,Passeggeri
Coronavirus ,Mascherine
Coronavirus ,Corridoi
Coronavirus ,Vuoti
Nave ,Isolata
Nave ,Giappone
Nave ,Passeggeri
Nave ,Mascherine
Nave ,Corridoi
Nave ,Vuoti
Isolata ,Giappone
Isolata ,Passeggeri
Isolata ,Mascherine
Isolata ,Corridoi
Isolata ,Vuoti
Giappone ,Passeggeri
Giappone ,Mascherine
Giappone ,Corridoi
Giappone ,Vuoti
Passeggeri ,Mascherine
Passeggeri ,Corridoi
Passeggeri ,Vuoti
Mascherine ,Corridoi
Mascherine ,Vuoti
Corridoi ,Vuoti
Denuncia ,Merola
Denuncia ,Aggressione
Denuncia ,Razzista
Denuncia ,Bimbo
Denuncia ,Cinese
Merola ,Aggressione
Merola ,Razzista
Merola ,Bimbo
Merola ,Cinese
Aggressione ,Razzista
Aggressione ,Bimbo
Aggressione ,Cinese
Razzista ,Bimbo
Razzista ,Cinese
Bimbo ,Cinese
Primo ,Italiano
Primo ,Contagiato
Primo ,Virus
Primo ,Tornato
Primo ,Wuhan
Italiano ,Contagiato
Italiano ,Virus
Italiano ,Tornato
Italiano ,Wuhan
Contagiato ,Virus
Contagiato ,Tornato
Contagiato ,Wuhan
Virus ,Tornato
Virus ,Wuhan
Tornato ,Wuhan
Cina ,Mascherine
Cina ,Ingannano
Cina ,Ia
Cina ,Così
Cina ,Coronavirus
Cina ,Mette
Cina ,Crisi
Cina ,Riconoscimento
Cina ,Facciale
Mascherine ,Ingannano
Mascherine ,Ia
Mascherine ,Così
Mascherine ,Coronavirus
Mascherine ,Mette
Mascherine ,Crisi
Mascherine ,Riconoscimento
Mascherine ,Facciale
Ingannano ,Ia
Ingannano ,Così
Ingannano ,Coronavirus
Ingannano ,Mette
Ingannano ,Crisi
Ingannano ,Riconoscimento
Ingannano ,Facciale
Ia ,Così
Ia ,Coronavirus
Ia ,Mette
Ia ,Crisi
Ia ,Riconoscimento
Ia ,Facciale
Così ,Coronavirus
Così ,Mette
Così ,Crisi
Così ,Riconoscimento
Così ,Facciale
Coronavirus ,Mette
Coronavirus ,Crisi
Coronavirus ,Riconoscimento
Coronavirus ,Facciale
Mette ,Crisi
Mette ,Riconoscimento
Mette ,Facciale
Crisi ,Riconoscimento
Crisi ,Facciale
Riconoscimento ,Facciale
Coronavirus ,Positivo
Coronavirus ,Italiano
Coronavirus ,Quarantena
Coronavirus ,Pochi
Coronavirus ,Contatti
Coronavirus ,Altri
Coronavirus ,Stanza
Coronavirus ,Solo
Positivo ,Italiano
Positivo ,Quarantena
Positivo ,Pochi
Positivo ,Contatti
Positivo ,Altri
Positivo ,Stanza
Positivo ,Solo
Italiano ,Quarantena
Italiano ,Pochi
Italiano ,Contatti
Italiano ,Altri
Italiano ,Stanza
Italiano ,Solo
Quarantena ,Pochi
Quarantena ,Contatti
Quarantena ,Altri
Quarantena ,Stanza
Quarantena ,Solo
Pochi ,Contatti
Pochi ,Altri
Pochi ,Stanza
Pochi ,Solo
Contatti ,Altri
Contatti ,Stanza
Contatti ,Solo
Altri ,Stanza
Altri ,Solo
Stanza ,Solo
Virus ,Lite
Virus ,Cure
Virus ,Oms
Virus ,Gela
Virus ,Pechino
Virus ,Nessuna
Virus ,Efficace
Lite ,Cure
Lite ,Oms
Lite ,Gela
Lite ,Pechino
Lite ,Nessuna
Lite ,Efficace
Cure ,Oms
Cure ,Gela
Cure ,Pechino
Cure ,Nessuna
Cure ,Efficace
Oms ,Gela
Oms ,Pechino
Oms ,Nessuna
Oms ,Efficace
Gela ,Pechino
Gela ,Nessuna
Gela ,Efficace
Pechino ,Nessuna
Pechino ,Efficace
Nessuna ,Efficace
Chinatown ,Prato
Chinatown ,Senza
Chinatown ,Operai
Chinatown ,Merci
Chinatown ,Rischiamo
Chinatown ,Paralisi
Prato ,Senza
Prato ,Operai
Prato ,Merci
Prato ,Rischiamo
Prato ,Paralisi
Senza ,Operai
Senza ,Merci
Senza ,Rischiamo
Senza ,Paralisi
Operai ,Merci
Operai ,Rischiamo
Operai ,Paralisi
Merci ,Rischiamo
Merci ,Paralisi
Rischiamo ,Paralisi
Coronavirus ,Media
Coronavirus ,Cinesi
Coronavirus ,Trovati
Coronavirus ,Farmaci
Coronavirus ,Efficaci
Coronavirus ,Virus
Coronavirus ,Oms
Coronavirus ,Frena
Coronavirus ,Niente
Coronavirus ,Concreto
Media ,Cinesi
Media ,Trovati
Media ,Farmaci
Media ,Efficaci
Media ,Virus
Media ,Oms
Media ,Frena
Media ,Niente
Media ,Concreto
Cinesi ,Trovati
Cinesi ,Farmaci
Cinesi ,Efficaci
Cinesi ,Virus
Cinesi ,Oms
Cinesi ,Frena
Cinesi ,Niente
Cinesi ,Concreto
Trovati ,Farmaci
Trovati ,Efficaci
Trovati ,Virus
Trovati ,Oms
Trovati ,Frena
Trovati ,Niente
Trovati ,Concreto
Farmaci ,Efficaci
Farmaci ,Virus
Farmaci ,Oms
Farmaci ,Frena
Farmaci ,Niente
Farmaci ,Concreto
Efficaci ,Virus
Efficaci ,Oms
Efficaci ,Frena
Efficaci ,Niente
Efficaci ,Concreto
Virus ,Oms
Virus ,Frena
Virus ,Niente
Virus ,Concreto
Oms ,Frena
Oms ,Niente
Oms ,Concreto
Frena ,Niente
Frena ,Concreto
Niente ,Concreto
Meno ,Due
Meno ,Giorni
Meno ,Alba
Meno ,Vita
Meno ,Quarantena
Meno ,Città
Meno ,Fantasma
Due ,Giorni
Due ,Alba
Due ,Vita
Due ,Quarantena
Due ,Città
Due ,Fantasma
Giorni ,Alba
Giorni ,Vita
Giorni ,Quarantena
Giorni ,Città
Giorni ,Fantasma
Alba ,Vita
Alba ,Quarantena
Alba ,Città
Alba ,Fantasma
Vita ,Quarantena
Vita ,Città
Vita ,Fantasma
Quarantena ,Città
Quarantena ,Fantasma
Città ,Fantasma
Origini ,Cinesi
Origini ,Vado
Origini ,Fiero
Cinesi ,Vado
Cinesi ,Fiero
Vado ,Fiero
Mascherine ,Volto
Mascherine ,Arrivo
Mascherine ,Pratica
Mascherine ,Mare
Volto ,Arrivo
Volto ,Pratica
Volto ,Mare
Arrivo ,Pratica
Arrivo ,Mare
Pratica ,Mare
Crisi ,Travolge
Crisi ,Borsa
Crisi ,Cinese
Crisi ,Forte
Crisi ,Impatto
Crisi ,Pil
Travolge ,Borsa
Travolge ,Cinese
Travolge ,Forte
Travolge ,Impatto
Travolge ,Pil
Borsa ,Cinese
Borsa ,Forte
Borsa ,Impatto
Borsa ,Pil
Cinese ,Forte
Cinese ,Impatto
Cinese ,Pil
Forte ,Impatto
Forte ,Pil
Impatto ,Pil
Lotta ,Coronavirus
Lotta ,Cecchignola
Lotta ,Mobilita
Lotta ,Paura
Coronavirus ,Cecchignola
Coronavirus ,Mobilita
Coronavirus ,Paura
Cecchignola ,Mobilita
Cecchignola ,Paura
Mobilita ,Paura
Stop ,Scuola
Stop ,Ristorante
Stop ,Giorni
Stop ,Quarantena
Stop ,Fai-Da-Te
Scuola ,Ristorante
Scuola ,Giorni
Scuola ,Quarantena
Scuola ,Fai-Da-Te
Ristorante ,Giorni
Ristorante ,Quarantena
Ristorante ,Fai-Da-Te
Giorni ,Quarantena
Giorni ,Fai-Da-Te
Quarantena ,Fai-Da-Te
Tornata ,Hong
Tornata ,Kong
Tornata ,Trattata
Tornata ,Appestata
Hong ,Kong
Hong ,Trattata
Hong ,Appestata
Kong ,Trattata
Kong ,Appestata
Trattata ,Appestata
Liceale ,Italiano
Liceale ,Rimasto
Liceale ,Wuhan
Liceale ,Febbre
Liceale ,Cala
Liceale ,Portatemi
Liceale ,Casa
Italiano ,Rimasto
Italiano ,Wuhan
Italiano ,Febbre
Italiano ,Cala
Italiano ,Portatemi
Italiano ,Casa
Rimasto ,Wuhan
Rimasto ,Febbre
Rimasto ,Cala
Rimasto ,Portatemi
Rimasto ,Casa
Wuhan ,Febbre
Wuhan ,Cala
Wuhan ,Portatemi
Wuhan ,Casa
Febbre ,Cala
Febbre ,Portatemi
Febbre ,Casa
Cala ,Portatemi
Cala ,Casa
Portatemi ,Casa
Ultime ,Follie
Ultime ,Coronavirus
Ultime ,Farmacia
Ultime ,Mascherine
Ultime ,Finite
Follie ,Coronavirus
Follie ,Farmacia
Follie ,Mascherine
Follie ,Finite
Coronavirus ,Farmacia
Coronavirus ,Mascherine
Coronavirus ,Finite
Farmacia ,Mascherine
Farmacia ,Finite
Mascherine ,Finite
Allarmismo ,Pelle
Allarmismo ,Bambini
Pelle ,Bambini
Coronavirus ,Trasmette
Coronavirus ,Via
Coronavirus ,Posta
Coronavirus ,Oms
Coronavirus ,Smaschera
Coronavirus ,Fake
Coronavirus ,News
Coronavirus ,Diffuse
Trasmette ,Via
Trasmette ,Posta
Trasmette ,Oms
Trasmette ,Smaschera
Trasmette ,Fake
Trasmette ,News
Trasmette ,Diffuse
Via ,Posta
Via ,Oms
Via ,Smaschera
Via ,Fake
Via ,News
Via ,Diffuse
Posta ,Oms
Posta ,Smaschera
Posta ,Fake
Posta ,News
Posta ,Diffuse
Oms ,Smaschera
Oms ,Fake
Oms ,News
Oms ,Diffuse
Smaschera ,Fake
Smaschera ,News
Smaschera ,Diffuse
Fake ,News
Fake ,Diffuse
News ,Diffuse
Europa ,Invisibile
Europa ,Virus
Invisibile ,Virus
Coronavirus ,Test
Coronavirus ,Negativo
Coronavirus ,Paziente
Coronavirus ,Irlandese
Coronavirus ,Sbarcato
Coronavirus ,Ieri
Coronavirus ,Civitavecchia
Coronavirus ,Tutte
Coronavirus ,Notizie
Coronavirus ,Vittime
Coronavirus ,Salgono
Coronavirus ,361
Test ,Negativo
Test ,Paziente
Test ,Irlandese
Test ,Sbarcato
Test ,Ieri
Test ,Civitavecchia
Test ,Tutte
Test ,Notizie
Test ,Vittime
Test ,Salgono
Test ,361
Negativo ,Paziente
Negativo ,Irlandese
Negativo ,Sbarcato
Negativo ,Ieri
Negativo ,Civitavecchia
Negativo ,Tutte
Negativo ,Notizie
Negativo ,Vittime
Negativo ,Salgono
Negativo ,361
Paziente ,Irlandese
Paziente ,Sbarcato
Paziente ,Ieri
Paziente ,Civitavecchia
Paziente ,Tutte
Paziente ,Notizie
Paziente ,Vittime
Paziente ,Salgono
Paziente ,361
Irlandese ,Sbarcato
Irlandese ,Ieri
Irlandese ,Civitavecchia
Irlandese ,Tutte
Irlandese ,Notizie
Irlandese ,Vittime
Irlandese ,Salgono
Irlandese ,361
Sbarcato ,Ieri
Sbarcato ,Civitavecchia
Sbarcato ,Tutte
Sbarcato ,Notizie
Sbarcato ,Vittime
Sbarcato ,Salgono
Sbarcato ,361
Ieri ,Civitavecchia
Ieri ,Tutte
Ieri ,Notizie
Ieri ,Vittime
Ieri ,Salgono
Ieri ,361
Civitavecchia ,Tutte
Civitavecchia ,Notizie
Civitavecchia ,Vittime
Civitavecchia ,Salgono
Civitavecchia ,361
Tutte ,Notizie
Tutte ,Vittime
Tutte ,Salgono
Tutte ,361
Notizie ,Vittime
Notizie ,Salgono
Notizie ,361
Vittime ,Salgono
Vittime ,361
Salgono ,361
Coronavirus ,Prato
Coronavirus ,Farmacia
Coronavirus ,Dona
Coronavirus ,Diecimila
Coronavirus ,Mascherine
Coronavirus ,Comunità
Coronavirus ,Cinese
Prato ,Farmacia
Prato ,Dona
Prato ,Diecimila
Prato ,Mascherine
Prato ,Comunità
Prato ,Cinese
Farmacia ,Dona
Farmacia ,Diecimila
Farmacia ,Mascherine
Farmacia ,Comunità
Farmacia ,Cinese
Dona ,Diecimila
Dona ,Mascherine
Dona ,Comunità
Dona ,Cinese
Diecimila ,Mascherine
Diecimila ,Comunità
Diecimila ,Cinese
Mascherine ,Comunità
Mascherine ,Cinese
Comunità ,Cinese
Pozzallo ,Arrivo
Pozzallo ,Porto
Pozzallo ,Nave
Pozzallo ,Open
Pozzallo ,Arms
Pozzallo ,363
Pozzallo ,Migranti
Pozzallo ,Bordo
Arrivo ,Porto
Arrivo ,Nave
Arrivo ,Open
Arrivo ,Arms
Arrivo ,363
Arrivo ,Migranti
Arrivo ,Bordo
Porto ,Nave
Porto ,Open
Porto ,Arms
Porto ,363
Porto ,Migranti
Porto ,Bordo
Nave ,Open
Nave ,Arms
Nave ,363
Nave ,Migranti
Nave ,Bordo
Open ,Arms
Open ,363
Open ,Migranti
Open ,Bordo
Arms ,363
Arms ,Migranti
Arms ,Bordo
363 ,Migranti
363 ,Bordo
Migranti ,Bordo
Coronavirus ,Torno
Coronavirus ,Rassicurare
Coronavirus ,Cina
Coronavirus ,Casa
Torno ,Rassicurare
Torno ,Cina
Torno ,Casa
Rassicurare ,Cina
Rassicurare ,Casa
Cina ,Casa
No ,Titolo
Vita ,Qui
Vita ,Poi
Vita ,Vedo
Vita ,Rischi
Qui ,Poi
Qui ,Vedo
Qui ,Rischi
Poi ,Vedo
Poi ,Rischi
Vedo ,Rischi
Prigionieri ,Finalmente
Prigionieri ,Finisce
Prigionieri ,Incubo
Finalmente ,Finisce
Finalmente ,Incubo
Finisce ,Incubo
Strana ,Settimana
Strana ,Tre
Strana ,Scoperte
Settimana ,Tre
Settimana ,Scoperte
Tre ,Scoperte
Spasso ,Feng
Spasso ,Wei
Spasso ,Ombra
Spasso ,Sospetto
Feng ,Wei
Feng ,Ombra
Feng ,Sospetto
Wei ,Ombra
Wei ,Sospetto
Ombra ,Sospetto
Scavi ,Pompei
Scavi ,Rischia
Scavi ,Calo
Scavi ,300
Scavi ,Mila
Scavi ,Turisti
Pompei ,Rischia
Pompei ,Calo
Pompei ,300
Pompei ,Mila
Pompei ,Turisti
Rischia ,Calo
Rischia ,300
Rischia ,Mila
Rischia ,Turisti
Calo ,300
Calo ,Mila
Calo ,Turisti
300 ,Mila
300 ,Turisti
Mila ,Turisti
Gara ,Solidarietà
Gara ,Bolognina
Gara ,Spedite
Gara ,Cina
Gara ,10
Gara ,Mila
Gara ,Mascherine
Solidarietà ,Bolognina
Solidarietà ,Spedite
Solidarietà ,Cina
Solidarietà ,10
Solidarietà ,Mila
Solidarietà ,Mascherine
Bolognina ,Spedite
Bolognina ,Cina
Bolognina ,10
Bolognina ,Mila
Bolognina ,Mascherine
Spedite ,Cina
Spedite ,10
Spedite ,Mila
Spedite ,Mascherine
Cina ,10
Cina ,Mila
Cina ,Mascherine
10 ,Mila
10 ,Mascherine
Mila ,Mascherine
Solidarietà ,Inviamo
Solidarietà ,Patria
Solidarietà ,Ciò
Solidarietà ,Serve
Inviamo ,Patria
Inviamo ,Ciò
Inviamo ,Serve
Patria ,Ciò
Patria ,Serve
Ciò ,Serve
Comunità ,Cinese
Comunità ,Viviamo
Comunità ,Qui
Comunità ,Anni
Comunità ,Virus
Comunità ,Dilaga
Comunità ,Psicosi
Cinese ,Viviamo
Cinese ,Qui
Cinese ,Anni
Cinese ,Virus
Cinese ,Dilaga
Cinese ,Psicosi
Viviamo ,Qui
Viviamo ,Anni
Viviamo ,Virus
Viviamo ,Dilaga
Viviamo ,Psicosi
Qui ,Anni
Qui ,Virus
Qui ,Dilaga
Qui ,Psicosi
Anni ,Virus
Anni ,Dilaga
Anni ,Psicosi
Virus ,Dilaga
Virus ,Psicosi
Dilaga ,Psicosi
Comunità ,Cinese
Comunità ,Mobilita
Comunità ,10
Comunità ,Mila
Comunità ,Mascherine
Comunità ,Wuhan
Cinese ,Mobilita
Cinese ,10
Cinese ,Mila
Cinese ,Mascherine
Cinese ,Wuhan
Mobilita ,10
Mobilita ,Mila
Mobilita ,Mascherine
Mobilita ,Wuhan
10 ,Mila
10 ,Mascherine
10 ,Wuhan
Mila ,Mascherine
Mila ,Wuhan
Mascherine ,Wuhan
Mascherine ,Ruba
Mascherine ,Coronavirus
Mascherine ,Preoccupa
Mascherine ,Danni
Mascherine ,Smog
Ruba ,Coronavirus
Ruba ,Preoccupa
Ruba ,Danni
Ruba ,Smog
Coronavirus ,Preoccupa
Coronavirus ,Danni
Coronavirus ,Smog
Preoccupa ,Danni
Preoccupa ,Smog
Danni ,Smog
No ,Titolo
Vivo ,Tokyo
Vivo ,Wuhan
Tokyo ,Wuhan
No ,Titolo
Viaggio ,Super
Viaggio ,Senza
Viaggio ,Mascherina
Super ,Senza
Super ,Mascherina
Senza ,Mascherina
Locali ,Deserti
Locali ,Clima
Locali ,Pesante
Deserti ,Clima
Deserti ,Pesante
Clima ,Pesante
No ,Titolo
Psicosi ,Virus
Psicosi ,Negozianti
Psicosi ,Cinesi
Psicosi ,Clienti
Psicosi ,Fuga
Virus ,Negozianti
Virus ,Cinesi
Virus ,Clienti
Virus ,Fuga
Negozianti ,Cinesi
Negozianti ,Clienti
Negozianti ,Fuga
Cinesi ,Clienti
Cinesi ,Fuga
Clienti ,Fuga
Paura ,Sale
Paura ,90
Paura ,Vale
Paura ,Regola
Paura ,Antica
Paura ,Lavarsi
Paura ,Mani
Paura ,Spesso
Sale ,90
Sale ,Vale
Sale ,Regola
Sale ,Antica
Sale ,Lavarsi
Sale ,Mani
Sale ,Spesso
90 ,Vale
90 ,Regola
90 ,Antica
90 ,Lavarsi
90 ,Mani
90 ,Spesso
Vale ,Regola
Vale ,Antica
Vale ,Lavarsi
Vale ,Mani
Vale ,Spesso
Regola ,Antica
Regola ,Lavarsi
Regola ,Mani
Regola ,Spesso
Antica ,Lavarsi
Antica ,Mani
Antica ,Spesso
Lavarsi ,Mani
Lavarsi ,Spesso
Mani ,Spesso
Influenza ,Epidemia
Influenza ,Già
Influenza ,Qui
Influenza ,Picco
Influenza ,Marzo
Epidemia ,Già
Epidemia ,Qui
Epidemia ,Picco
Epidemia ,Marzo
Già ,Qui
Già ,Picco
Già ,Marzo
Qui ,Picco
Qui ,Marzo
Picco ,Marzo
Maschera ,Scuole
Maschera ,Taxi
Maschera ,Musei
Maschera ,Stop
Maschera ,Fobia
Scuole ,Taxi
Scuole ,Musei
Scuole ,Stop
Scuole ,Fobia
Taxi ,Musei
Taxi ,Stop
Taxi ,Fobia
Musei ,Stop
Musei ,Fobia
Stop ,Fobia
Comunità ,Romana
Comunità ,Raccoglie
Comunità ,Fondi
Comunità ,Discriminateci
Romana ,Raccoglie
Romana ,Fondi
Romana ,Discriminateci
Raccoglie ,Fondi
Raccoglie ,Discriminateci
Fondi ,Discriminateci
Coronavirus ,Cina
Coronavirus ,Mancano
Coronavirus ,Mascherine
Coronavirus ,Dottori
Coronavirus ,Fabbricano
Coronavirus ,Soli
Cina ,Mancano
Cina ,Mascherine
Cina ,Dottori
Cina ,Fabbricano
Cina ,Soli
Mancano ,Mascherine
Mancano ,Dottori
Mancano ,Fabbricano
Mancano ,Soli
Mascherine ,Dottori
Mascherine ,Fabbricano
Mascherine ,Soli
Dottori ,Fabbricano
Dottori ,Soli
Fabbricano ,Soli
Coronavirus ,Oms
Coronavirus ,Possibile
Coronavirus ,Rara
Coronavirus ,Trasmissione
Coronavirus ,Senza
Coronavirus ,Sintomi
Coronavirus ,2
Coronavirus ,Mila
Coronavirus ,Contagi
Coronavirus ,24
Coronavirus ,Ore
Oms ,Possibile
Oms ,Rara
Oms ,Trasmissione
Oms ,Senza
Oms ,Sintomi
Oms ,2
Oms ,Mila
Oms ,Contagi
Oms ,24
Oms ,Ore
Possibile ,Rara
Possibile ,Trasmissione
Possibile ,Senza
Possibile ,Sintomi
Possibile ,2
Possibile ,Mila
Possibile ,Contagi
Possibile ,24
Possibile ,Ore
Rara ,Trasmissione
Rara ,Senza
Rara ,Sintomi
Rara ,2
Rara ,Mila
Rara ,Contagi
Rara ,24
Rara ,Ore
Trasmissione ,Senza
Trasmissione ,Sintomi
Trasmissione ,2
Trasmissione ,Mila
Trasmissione ,Contagi
Trasmissione ,24
Trasmissione ,Ore
Senza ,Sintomi
Senza ,2
Senza ,Mila
Senza ,Contagi
Senza ,24
Senza ,Ore
Sintomi ,2
Sintomi ,Mila
Sintomi ,Contagi
Sintomi ,24
Sintomi ,Ore
2 ,Mila
2 ,Contagi
2 ,24
2 ,Ore
Mila ,Contagi
Mila ,24
Mila ,Ore
Contagi ,24
Contagi ,Ore
24 ,Ore
Hotel ,Palatino
Hotel ,Contagio
Hotel ,Quarantena
Hotel ,3
Hotel ,Impiegati
Palatino ,Contagio
Palatino ,Quarantena
Palatino ,3
Palatino ,Impiegati
Contagio ,Quarantena
Contagio ,3
Contagio ,Impiegati
Quarantena ,3
Quarantena ,Impiegati
3 ,Impiegati
Taxi ,Aeroporto
Taxi ,Ossessione
Taxi ,Virus
Aeroporto ,Ossessione
Aeroporto ,Virus
Ossessione ,Virus
No ,Titolo
Voli ,Proibiti
Penso ,Patria
Penso ,Qui
Penso ,Sento
Penso ,Gabbia
Penso ,Guardato
Penso ,Sospetto
Patria ,Qui
Patria ,Sento
Patria ,Gabbia
Patria ,Guardato
Patria ,Sospetto
Qui ,Sento
Qui ,Gabbia
Qui ,Guardato
Qui ,Sospetto
Sento ,Gabbia
Sento ,Guardato
Sento ,Sospetto
Gabbia ,Guardato
Gabbia ,Sospetto
Guardato ,Sospetto
Bisogno ,Precauzioni
Bisogno ,Mascherine
Bisogno ,Inutili
Precauzioni ,Mascherine
Precauzioni ,Inutili
Mascherine ,Inutili
Aunifarmadalla ,Cina
Aunifarmadalla ,Richieste
Aunifarmadalla ,1 ,5
Aunifarmadalla ,Milioni
Aunifarmadalla ,Maschere
Cina ,Richieste
Cina ,1 ,5
Cina ,Milioni
Cina ,Maschere
Richieste ,1 ,5
Richieste ,Milioni
Richieste ,Maschere
1 ,5 ,Milioni
1 ,5 ,Maschere
Milioni ,Maschere
Sindrome ,Cinese
Ospedali ,Prima
Ospedali ,Linea
Ospedali ,Triage
Ospedali ,Separato
Ospedali ,Nuovi
Ospedali ,Test
Ospedali ,Pronti
Ospedali ,Fronteggiare
Ospedali ,Assalto
Prima ,Linea
Prima ,Triage
Prima ,Separato
Prima ,Nuovi
Prima ,Test
Prima ,Pronti
Prima ,Fronteggiare
Prima ,Assalto
Linea ,Triage
Linea ,Separato
Linea ,Nuovi
Linea ,Test
Linea ,Pronti
Linea ,Fronteggiare
Linea ,Assalto
Triage ,Separato
Triage ,Nuovi
Triage ,Test
Triage ,Pronti
Triage ,Fronteggiare
Triage ,Assalto
Separato ,Nuovi
Separato ,Test
Separato ,Pronti
Separato ,Fronteggiare
Separato ,Assalto
Nuovi ,Test
Nuovi ,Pronti
Nuovi ,Fronteggiare
Nuovi ,Assalto
Test ,Pronti
Test ,Fronteggiare
Test ,Assalto
Pronti ,Fronteggiare
Pronti ,Assalto
Fronteggiare ,Assalto
Cartelli ,Falsi
Cartelli ,Allarmi
Cartelli ,Paura
Cartelli ,Virus
Cartelli ,Scoppia
Cartelli ,Sinofobia
Falsi ,Allarmi
Falsi ,Paura
Falsi ,Virus
Falsi ,Scoppia
Falsi ,Sinofobia
Allarmi ,Paura
Allarmi ,Virus
Allarmi ,Scoppia
Allarmi ,Sinofobia
Paura ,Virus
Paura ,Scoppia
Paura ,Sinofobia
Virus ,Scoppia
Virus ,Sinofobia
Scoppia ,Sinofobia
Torinesi ,Fuga
Torinesi ,Cina
Torinesi ,Lasciati
Torinesi ,Senza
Torinesi ,Informazioni
Fuga ,Cina
Fuga ,Lasciati
Fuga ,Senza
Fuga ,Informazioni
Cina ,Lasciati
Cina ,Senza
Cina ,Informazioni
Lasciati ,Senza
Lasciati ,Informazioni
Senza ,Informazioni
Due ,Cinesi
Due ,Contagiati
Due ,Vacanze
Due ,Hotel
Due ,Centro
Due ,Controlli
Due ,Personale
Cinesi ,Contagiati
Cinesi ,Vacanze
Cinesi ,Hotel
Cinesi ,Centro
Cinesi ,Controlli
Cinesi ,Personale
Contagiati ,Vacanze
Contagiati ,Hotel
Contagiati ,Centro
Contagiati ,Controlli
Contagiati ,Personale
Vacanze ,Hotel
Vacanze ,Centro
Vacanze ,Controlli
Vacanze ,Personale
Hotel ,Centro
Hotel ,Controlli
Hotel ,Personale
Centro ,Controlli
Centro ,Personale
Controlli ,Personale
No ,Titolo
Coronavirus ,Psicosi
Coronavirus ,Scuole
Coronavirus ,Negozi
Coronavirus ,Hotel
Psicosi ,Scuole
Psicosi ,Negozi
Psicosi ,Hotel
Scuole ,Negozi
Scuole ,Hotel
Negozi ,Hotel
Ultimo ,Volo
Ultimo ,Nanchino
Ultimo ,Nessun
Ultimo ,Contagio
Volo ,Nanchino
Volo ,Nessun
Volo ,Contagio
Nanchino ,Nessun
Nanchino ,Contagio
Nessun ,Contagio
Preso ,Coronavirus
Preso ,Pomeriggio
Preso ,D
Preso ,Ansia
Preso ,Solo
Preso ,Influenza
Preso ,B
Coronavirus ,Pomeriggio
Coronavirus ,D
Coronavirus ,Ansia
Coronavirus ,Solo
Coronavirus ,Influenza
Coronavirus ,B
Pomeriggio ,D
Pomeriggio ,Ansia
Pomeriggio ,Solo
Pomeriggio ,Influenza
Pomeriggio ,B
D ,Ansia
D ,Solo
D ,Influenza
D ,B
Ansia ,Solo
Ansia ,Influenza
Ansia ,B
Solo ,Influenza
Solo ,B
Influenza ,B
Inter ,Donate
Inter ,300
Inter ,Mila
Inter ,Mascherine
Inter ,Emergenza
Inter ,Coronavirus
Inter ,Wuhan
Donate ,300
Donate ,Mila
Donate ,Mascherine
Donate ,Emergenza
Donate ,Coronavirus
Donate ,Wuhan
300 ,Mila
300 ,Mascherine
300 ,Emergenza
300 ,Coronavirus
300 ,Wuhan
Mila ,Mascherine
Mila ,Emergenza
Mila ,Coronavirus
Mila ,Wuhan
Mascherine ,Emergenza
Mascherine ,Coronavirus
Mascherine ,Wuhan
Emergenza ,Coronavirus
Emergenza ,Wuhan
Coronavirus ,Wuhan
Coronavirus ,Assessore
Coronavirus ,Sanità
Coronavirus ,Coppia
Coronavirus ,Cinese
Coronavirus ,Limitato
Coronavirus ,Spostamenti
Coronavirus ,Roma
Coronavirus ,Hotel
Coronavirus ,Rimane
Coronavirus ,Aperto
Assessore ,Sanità
Assessore ,Coppia
Assessore ,Cinese
Assessore ,Limitato
Assessore ,Spostamenti
Assessore ,Roma
Assessore ,Hotel
Assessore ,Rimane
Assessore ,Aperto
Sanità ,Coppia
Sanità ,Cinese
Sanità ,Limitato
Sanità ,Spostamenti
Sanità ,Roma
Sanità ,Hotel
Sanità ,Rimane
Sanità ,Aperto
Coppia ,Cinese
Coppia ,Limitato
Coppia ,Spostamenti
Coppia ,Roma
Coppia ,Hotel
Coppia ,Rimane
Coppia ,Aperto
Cinese ,Limitato
Cinese ,Spostamenti
Cinese ,Roma
Cinese ,Hotel
Cinese ,Rimane
Cinese ,Aperto
Limitato ,Spostamenti
Limitato ,Roma
Limitato ,Hotel
Limitato ,Rimane
Limitato ,Aperto
Spostamenti ,Roma
Spostamenti ,Hotel
Spostamenti ,Rimane
Spostamenti ,Aperto
Roma ,Hotel
Roma ,Rimane
Roma ,Aperto
Hotel ,Rimane
Hotel ,Aperto
Rimane ,Aperto
Coronavirus ,Provocazione
Coronavirus ,Anti-Psicosi
Coronavirus ,Bar
Coronavirus ,Esquilino
Coronavirus ,Camerieri
Coronavirus ,Tuta
Coronavirus ,Mascherina
Provocazione ,Anti-Psicosi
Provocazione ,Bar
Provocazione ,Esquilino
Provocazione ,Camerieri
Provocazione ,Tuta
Provocazione ,Mascherina
Anti-Psicosi ,Bar
Anti-Psicosi ,Esquilino
Anti-Psicosi ,Camerieri
Anti-Psicosi ,Tuta
Anti-Psicosi ,Mascherina
Bar ,Esquilino
Bar ,Camerieri
Bar ,Tuta
Bar ,Mascherina
Esquilino ,Camerieri
Esquilino ,Tuta
Esquilino ,Mascherina
Camerieri ,Tuta
Camerieri ,Mascherina
Tuta ,Mascherina
Coronavirus ,Entrate
Coronavirus ,Cartello
Coronavirus ,Cinese
Coronavirus ,Bar
Coronavirus ,Fontana
Coronavirus ,Trevi
Coronavirus ,Palumbo
Coronavirus ,Ignobile
Entrate ,Cartello
Entrate ,Cinese
Entrate ,Bar
Entrate ,Fontana
Entrate ,Trevi
Entrate ,Palumbo
Entrate ,Ignobile
Cartello ,Cinese
Cartello ,Bar
Cartello ,Fontana
Cartello ,Trevi
Cartello ,Palumbo
Cartello ,Ignobile
Cinese ,Bar
Cinese ,Fontana
Cinese ,Trevi
Cinese ,Palumbo
Cinese ,Ignobile
Bar ,Fontana
Bar ,Trevi
Bar ,Palumbo
Bar ,Ignobile
Fontana ,Trevi
Fontana ,Palumbo
Fontana ,Ignobile
Trevi ,Palumbo
Trevi ,Ignobile
Palumbo ,Ignobile
Coronavirus ,Roma
Coronavirus ,Hotel
Coronavirus ,Due
Coronavirus ,Casi
Coronavirus ,Accertati
Coronavirus ,Tranquilli
Coronavirus ,Prudenti
Roma ,Hotel
Roma ,Due
Roma ,Casi
Roma ,Accertati
Roma ,Tranquilli
Roma ,Prudenti
Hotel ,Due
Hotel ,Casi
Hotel ,Accertati
Hotel ,Tranquilli
Hotel ,Prudenti
Due ,Casi
Due ,Accertati
Due ,Tranquilli
Due ,Prudenti
Casi ,Accertati
Casi ,Tranquilli
Casi ,Prudenti
Accertati ,Tranquilli
Accertati ,Prudenti
Tranquilli ,Prudenti
Coronavirus ,Decontaminata
Coronavirus ,Stanza
Coronavirus ,Albergo
Coronavirus ,Roma
Coronavirus ,Nessuna
Coronavirus ,Chiusura
Decontaminata ,Stanza
Decontaminata ,Albergo
Decontaminata ,Roma
Decontaminata ,Nessuna
Decontaminata ,Chiusura
Stanza ,Albergo
Stanza ,Roma
Stanza ,Nessuna
Stanza ,Chiusura
Albergo ,Roma
Albergo ,Nessuna
Albergo ,Chiusura
Roma ,Nessuna
Roma ,Chiusura
Nessuna ,Chiusura
Coronavirus ,Direttore
Coronavirus ,Hotel
Coronavirus ,Roma
Coronavirus ,Nessun
Coronavirus ,Pericolo
Coronavirus ,Clienti
Coronavirus ,Dipendenti
Coronavirus ,Bene
Direttore ,Hotel
Direttore ,Roma
Direttore ,Nessun
Direttore ,Pericolo
Direttore ,Clienti
Direttore ,Dipendenti
Direttore ,Bene
Hotel ,Roma
Hotel ,Nessun
Hotel ,Pericolo
Hotel ,Clienti
Hotel ,Dipendenti
Hotel ,Bene
Roma ,Nessun
Roma ,Pericolo
Roma ,Clienti
Roma ,Dipendenti
Roma ,Bene
Nessun ,Pericolo
Nessun ,Clienti
Nessun ,Dipendenti
Nessun ,Bene
Pericolo ,Clienti
Pericolo ,Dipendenti
Pericolo ,Bene
Clienti ,Dipendenti
Clienti ,Bene
Dipendenti ,Bene
Silenzio ,Cinese
Scuola ,Bus
Scuola ,Sindrome
Scuola ,Cinese
Bus ,Sindrome
Bus ,Cinese
Sindrome ,Cinese
Coronavirus ,Stanze
Coronavirus ,Bunker
Coronavirus ,Caso
Coronavirus ,Contagio
Stanze ,Bunker
Stanze ,Caso
Stanze ,Contagio
Bunker ,Caso
Bunker ,Contagio
Caso ,Contagio
Immagini ,Casi
Abito ,Sopra
Abito ,Negozio
Abito ,Cinese
Abito ,...
Abito ,Città
Abito ,Scatta
Abito ,Caccia
Abito ,Untore
Sopra ,Negozio
Sopra ,Cinese
Sopra ,...
Sopra ,Città
Sopra ,Scatta
Sopra ,Caccia
Sopra ,Untore
Negozio ,Cinese
Negozio ,...
Negozio ,Città
Negozio ,Scatta
Negozio ,Caccia
Negozio ,Untore
Cinese ,...
Cinese ,Città
Cinese ,Scatta
Cinese ,Caccia
Cinese ,Untore
... ,Città
... ,Scatta
... ,Caccia
... ,Untore
Città ,Scatta
Città ,Caccia
Città ,Untore
Scatta ,Caccia
Scatta ,Untore
Caccia ,Untore
Marito ,Febbre
Marito ,Stanza
Marito ,D
Marito ,Hotel
Marito ,Viene
Marito ,Sigillata
Febbre ,Stanza
Febbre ,D
Febbre ,Hotel
Febbre ,Viene
Febbre ,Sigillata
Stanza ,D
Stanza ,Hotel
Stanza ,Viene
Stanza ,Sigillata
D ,Hotel
D ,Viene
D ,Sigillata
Hotel ,Viene
Hotel ,Sigillata
Viene ,Sigillata
Niente ,Mano
Niente ,Compagno
Niente ,Mamma
Niente ,Detto
Niente ,Avvicinarmi
Mano ,Compagno
Mano ,Mamma
Mano ,Detto
Mano ,Avvicinarmi
Compagno ,Mamma
Compagno ,Detto
Compagno ,Avvicinarmi
Mamma ,Detto
Mamma ,Avvicinarmi
Detto ,Avvicinarmi
Turisti ,Cinesi
Turisti ,Roma
Turisti ,Contagiati
Turisti ,Coronavirus
Turisti ,Allarme
Turisti ,Hotel
Turisti ,Palatino
Turisti ,Marito
Turisti ,Febbre
Cinesi ,Roma
Cinesi ,Contagiati
Cinesi ,Coronavirus
Cinesi ,Allarme
Cinesi ,Hotel
Cinesi ,Palatino
Cinesi ,Marito
Cinesi ,Febbre
Roma ,Contagiati
Roma ,Coronavirus
Roma ,Allarme
Roma ,Hotel
Roma ,Palatino
Roma ,Marito
Roma ,Febbre
Contagiati ,Coronavirus
Contagiati ,Allarme
Contagiati ,Hotel
Contagiati ,Palatino
Contagiati ,Marito
Contagiati ,Febbre
Coronavirus ,Allarme
Coronavirus ,Hotel
Coronavirus ,Palatino
Coronavirus ,Marito
Coronavirus ,Febbre
Allarme ,Hotel
Allarme ,Palatino
Allarme ,Marito
Allarme ,Febbre
Hotel ,Palatino
Hotel ,Marito
Hotel ,Febbre
Palatino ,Marito
Palatino ,Febbre
Marito ,Febbre
Cina ,Allarme
Cina ,Coronavirus
Cina ,Controlli
Cina ,Temperatura
Cina ,Passeggeri
Cina ,Stazioni
Cina ,Ferroviarie
Allarme ,Coronavirus
Allarme ,Controlli
Allarme ,Temperatura
Allarme ,Passeggeri
Allarme ,Stazioni
Allarme ,Ferroviarie
Coronavirus ,Controlli
Coronavirus ,Temperatura
Coronavirus ,Passeggeri
Coronavirus ,Stazioni
Coronavirus ,Ferroviarie
Controlli ,Temperatura
Controlli ,Passeggeri
Controlli ,Stazioni
Controlli ,Ferroviarie
Temperatura ,Passeggeri
Temperatura ,Stazioni
Temperatura ,Ferroviarie
Passeggeri ,Stazioni
Passeggeri ,Ferroviarie
Stazioni ,Ferroviarie
Coronavirus ,170
Coronavirus ,Morti
Coronavirus ,Cina
Coronavirus ,Mille
Coronavirus ,Nuovi
Coronavirus ,Contagi
Coronavirus ,Ikea
Coronavirus ,Chiude
Coronavirus ,Store
Coronavirus ,Primi
Coronavirus ,Malati
Coronavirus ,India
Coronavirus ,Tibet
Coronavirus ,Filippine
170 ,Morti
170 ,Cina
170 ,Mille
170 ,Nuovi
170 ,Contagi
170 ,Ikea
170 ,Chiude
170 ,Store
170 ,Primi
170 ,Malati
170 ,India
170 ,Tibet
170 ,Filippine
Morti ,Cina
Morti ,Mille
Morti ,Nuovi
Morti ,Contagi
Morti ,Ikea
Morti ,Chiude
Morti ,Store
Morti ,Primi
Morti ,Malati
Morti ,India
Morti ,Tibet
Morti ,Filippine
Cina ,Mille
Cina ,Nuovi
Cina ,Contagi
Cina ,Ikea
Cina ,Chiude
Cina ,Store
Cina ,Primi
Cina ,Malati
Cina ,India
Cina ,Tibet
Cina ,Filippine
Mille ,Nuovi
Mille ,Contagi
Mille ,Ikea
Mille ,Chiude
Mille ,Store
Mille ,Primi
Mille ,Malati
Mille ,India
Mille ,Tibet
Mille ,Filippine
Nuovi ,Contagi
Nuovi ,Ikea
Nuovi ,Chiude
Nuovi ,Store
Nuovi ,Primi
Nuovi ,Malati
Nuovi ,India
Nuovi ,Tibet
Nuovi ,Filippine
Contagi ,Ikea
Contagi ,Chiude
Contagi ,Store
Contagi ,Primi
Contagi ,Malati
Contagi ,India
Contagi ,Tibet
Contagi ,Filippine
Ikea ,Chiude
Ikea ,Store
Ikea ,Primi
Ikea ,Malati
Ikea ,India
Ikea ,Tibet
Ikea ,Filippine
Chiude ,Store
Chiude ,Primi
Chiude ,Malati
Chiude ,India
Chiude ,Tibet
Chiude ,Filippine
Store ,Primi
Store ,Malati
Store ,India
Store ,Tibet
Store ,Filippine
Primi ,Malati
Primi ,India
Primi ,Tibet
Primi ,Filippine
Malati ,India
Malati ,Tibet
Malati ,Filippine
India ,Tibet
India ,Filippine
Tibet ,Filippine
Via ,Rientro
Via ,Italiani
Via ,Quarantena
Via ,Caserma
Via ,Hotel
Rientro ,Italiani
Rientro ,Quarantena
Rientro ,Caserma
Rientro ,Hotel
Italiani ,Quarantena
Italiani ,Caserma
Italiani ,Hotel
Quarantena ,Caserma
Quarantena ,Hotel
Caserma ,Hotel
Ritorno ,Cina
Ritorno ,Persino
Ritorno ,Paura
Ritorno ,Tossire
Cina ,Persino
Cina ,Paura
Cina ,Tossire
Persino ,Paura
Persino ,Tossire
Paura ,Tossire
Andati ,Patria
Andati ,Cinesi
Andati ,Tranquillizzano
Andati ,Clienti
Patria ,Cinesi
Patria ,Tranquillizzano
Patria ,Clienti
Cinesi ,Tranquillizzano
Cinesi ,Clienti
Tranquillizzano ,Clienti
Psicosi ,Cinese
Corsa ,Acquisto
Corsa ,Mascherine
Corsa ,Introvabili
Acquisto ,Mascherine
Acquisto ,Introvabili
Mascherine ,Introvabili
Mascherine ,Antivirus
Mascherine ,Scorte
Mascherine ,Tutte
Mascherine ,Esaurite
Mascherine ,Farmacie
Mascherine ,Negozi
Antivirus ,Scorte
Antivirus ,Tutte
Antivirus ,Esaurite
Antivirus ,Farmacie
Antivirus ,Negozi
Scorte ,Tutte
Scorte ,Esaurite
Scorte ,Farmacie
Scorte ,Negozi
Tutte ,Esaurite
Tutte ,Farmacie
Tutte ,Negozi
Esaurite ,Farmacie
Esaurite ,Negozi
Farmacie ,Negozi
Calo ,Clienti
Calo ,Ristoranti
Calo ,Sushi
Calo ,Boom
Calo ,Mascherine
Calo ,Spedite
Calo ,Cina
Clienti ,Ristoranti
Clienti ,Sushi
Clienti ,Boom
Clienti ,Mascherine
Clienti ,Spedite
Clienti ,Cina
Ristoranti ,Sushi
Ristoranti ,Boom
Ristoranti ,Mascherine
Ristoranti ,Spedite
Ristoranti ,Cina
Sushi ,Boom
Sushi ,Mascherine
Sushi ,Spedite
Sushi ,Cina
Boom ,Mascherine
Boom ,Spedite
Boom ,Cina
Mascherine ,Spedite
Mascherine ,Cina
Spedite ,Cina
Via ,Rientro
Via ,Italiani
Via ,Quarantena
Via ,Caserma
Via ,Hotel
Rientro ,Italiani
Rientro ,Quarantena
Rientro ,Caserma
Rientro ,Hotel
Italiani ,Quarantena
Italiani ,Caserma
Italiani ,Hotel
Quarantena ,Caserma
Quarantena ,Hotel
Caserma ,Hotel
Trincea ,Antivirus
Trincea ,Medici
Trincea ,Francesi
Trincea ,Così
Trincea ,Curiamo
Trincea ,Pazienti
Trincea ,Zero
Antivirus ,Medici
Antivirus ,Francesi
Antivirus ,Così
Antivirus ,Curiamo
Antivirus ,Pazienti
Antivirus ,Zero
Medici ,Francesi
Medici ,Così
Medici ,Curiamo
Medici ,Pazienti
Medici ,Zero
Francesi ,Così
Francesi ,Curiamo
Francesi ,Pazienti
Francesi ,Zero
Così ,Curiamo
Così ,Pazienti
Così ,Zero
Curiamo ,Pazienti
Curiamo ,Zero
Pazienti ,Zero
Psicosi ,Coronavirus
Psicosi ,Casi
Coronavirus ,Casi
Tre ,Laboratori
Tre ,17
Tre ,Ospedali
Tre ,Lombardi
Tre ,Rete
Tre ,Combattere
Tre ,Virus
Tre ,Cinese
Laboratori ,17
Laboratori ,Ospedali
Laboratori ,Lombardi
Laboratori ,Rete
Laboratori ,Combattere
Laboratori ,Virus
Laboratori ,Cinese
17 ,Ospedali
17 ,Lombardi
17 ,Rete
17 ,Combattere
17 ,Virus
17 ,Cinese
Ospedali ,Lombardi
Ospedali ,Rete
Ospedali ,Combattere
Ospedali ,Virus
Ospedali ,Cinese
Lombardi ,Rete
Lombardi ,Combattere
Lombardi ,Virus
Lombardi ,Cinese
Rete ,Combattere
Rete ,Virus
Rete ,Cinese
Combattere ,Virus
Combattere ,Cinese
Virus ,Cinese
Psicosi ,Coronavirus
Psicosi ,Fake
Psicosi ,News
Psicosi ,Paura
Psicosi ,Nessun
Psicosi ,Caso
Coronavirus ,Fake
Coronavirus ,News
Coronavirus ,Paura
Coronavirus ,Nessun
Coronavirus ,Caso
Fake ,News
Fake ,Paura
Fake ,Nessun
Fake ,Caso
News ,Paura
News ,Nessun
News ,Caso
Paura ,Nessun
Paura ,Caso
Nessun ,Caso
Virus ,Cinese
Virus ,Allertate
Virus ,Ausl
Virus ,Segnalare
Virus ,Subito
Cinese ,Allertate
Cinese ,Ausl
Cinese ,Segnalare
Cinese ,Subito
Allertate ,Ausl
Allertate ,Segnalare
Allertate ,Subito
Ausl ,Segnalare
Ausl ,Subito
Segnalare ,Subito
Coronavirus ,Microsoft
Coronavirus ,Oreal
Coronavirus ,Gara
Coronavirus ,Solidarietà
Coronavirus ,Aziende
Coronavirus ,Imprenditori
Microsoft ,Oreal
Microsoft ,Gara
Microsoft ,Solidarietà
Microsoft ,Aziende
Microsoft ,Imprenditori
Oreal ,Gara
Oreal ,Solidarietà
Oreal ,Aziende
Oreal ,Imprenditori
Gara ,Solidarietà
Gara ,Aziende
Gara ,Imprenditori
Solidarietà ,Aziende
Solidarietà ,Imprenditori
Aziende ,Imprenditori
Paura ,Virus
Paura ,Condiziona
Paura ,Studenti
Paura ,Partenza
Paura ,Cina
Virus ,Condiziona
Virus ,Studenti
Virus ,Partenza
Virus ,Cina
Condiziona ,Studenti
Condiziona ,Partenza
Condiziona ,Cina
Studenti ,Partenza
Studenti ,Cina
Partenza ,Cina
Stop ,Universitari
Stop ,Scambi
Stop ,Cina
Universitari ,Scambi
Universitari ,Cina
Scambi ,Cina
Pechino ,Obbliga
Pechino ,Aziende
Pechino ,Serrata
Pechino ,Italiani
Pechino ,Allarme
Pechino ,Pericolo
Pechino ,Paralisi
Obbliga ,Aziende
Obbliga ,Serrata
Obbliga ,Italiani
Obbliga ,Allarme
Obbliga ,Pericolo
Obbliga ,Paralisi
Aziende ,Serrata
Aziende ,Italiani
Aziende ,Allarme
Aziende ,Pericolo
Aziende ,Paralisi
Serrata ,Italiani
Serrata ,Allarme
Serrata ,Pericolo
Serrata ,Paralisi
Italiani ,Allarme
Italiani ,Pericolo
Italiani ,Paralisi
Allarme ,Pericolo
Allarme ,Paralisi
Pericolo ,Paralisi
Paura ,Virus
Paura ,Condiziona
Paura ,Studenti
Paura ,Partenza
Paura ,Cina
Virus ,Condiziona
Virus ,Studenti
Virus ,Partenza
Virus ,Cina
Condiziona ,Studenti
Condiziona ,Partenza
Condiziona ,Cina
Studenti ,Partenza
Studenti ,Cina
Partenza ,Cina
Cinesi ,Napoli
Cinesi ,Virus
Cinesi ,Compriamo
Cinesi ,Mascherine
Cinesi ,Spedirle
Cinesi ,Cina
Napoli ,Virus
Napoli ,Compriamo
Napoli ,Mascherine
Napoli ,Spedirle
Napoli ,Cina
Virus ,Compriamo
Virus ,Mascherine
Virus ,Spedirle
Virus ,Cina
Compriamo ,Mascherine
Compriamo ,Spedirle
Compriamo ,Cina
Mascherine ,Spedirle
Mascherine ,Cina
Spedirle ,Cina
Rischio ,Contagio
Rischio ,Assalto
Rischio ,Mascherine
Rischio ,Tutte
Rischio ,Esaurite
Rischio ,Farmacia
Contagio ,Assalto
Contagio ,Mascherine
Contagio ,Tutte
Contagio ,Esaurite
Contagio ,Farmacia
Assalto ,Mascherine
Assalto ,Tutte
Assalto ,Esaurite
Assalto ,Farmacia
Mascherine ,Tutte
Mascherine ,Esaurite
Mascherine ,Farmacia
Tutte ,Esaurite
Tutte ,Farmacia
Esaurite ,Farmacia
Comunità ,Cinese
Comunità ,Virus
Comunità ,Affari
Comunità ,Calo
Comunità ,Mascherine
Comunità ,Ruba
Cinese ,Virus
Cinese ,Affari
Cinese ,Calo
Cinese ,Mascherine
Cinese ,Ruba
Virus ,Affari
Virus ,Calo
Virus ,Mascherine
Virus ,Ruba
Affari ,Calo
Affari ,Mascherine
Affari ,Ruba
Calo ,Mascherine
Calo ,Ruba
Mascherine ,Ruba
Cinesi ,Palermo
Cinesi ,Nessun
Cinesi ,Pericolo
Cinesi ,Untori
Palermo ,Nessun
Palermo ,Pericolo
Palermo ,Untori
Nessun ,Pericolo
Nessun ,Untori
Pericolo ,Untori
Psicosi ,Virus
Psicosi ,Mascherine
Psicosi ,Esaurite
Psicosi ,Federfarma
Psicosi ,Arriveranno
Psicosi ,Presto
Virus ,Mascherine
Virus ,Esaurite
Virus ,Federfarma
Virus ,Arriveranno
Virus ,Presto
Mascherine ,Esaurite
Mascherine ,Federfarma
Mascherine ,Arriveranno
Mascherine ,Presto
Esaurite ,Federfarma
Esaurite ,Arriveranno
Esaurite ,Presto
Federfarma ,Arriveranno
Federfarma ,Presto
Arriveranno ,Presto
Coronavirus ,Cina
Coronavirus ,Oms
Coronavirus ,Rischio
Coronavirus ,Alto
Coronavirus ,Ministero
Coronavirus ,Salute
Coronavirus ,Task
Coronavirus ,Force
Cina ,Oms
Cina ,Rischio
Cina ,Alto
Cina ,Ministero
Cina ,Salute
Cina ,Task
Cina ,Force
Oms ,Rischio
Oms ,Alto
Oms ,Ministero
Oms ,Salute
Oms ,Task
Oms ,Force
Rischio ,Alto
Rischio ,Ministero
Rischio ,Salute
Rischio ,Task
Rischio ,Force
Alto ,Ministero
Alto ,Salute
Alto ,Task
Alto ,Force
Ministero ,Salute
Ministero ,Task
Ministero ,Force
Salute ,Task
Salute ,Force
Task ,Force
Annullate ,Sfilate
Annullate ,Capodanno
Annullate ,Cinese
Sfilate ,Capodanno
Sfilate ,Cinese
Capodanno ,Cinese
Cina ,Blinda
Cina ,Virus
Cina ,Italiani
Cina ,Restano
Blinda ,Virus
Blinda ,Italiani
Blinda ,Restano
Virus ,Italiani
Virus ,Restano
Italiani ,Restano
Team ,14
Team ,Medici
Team ,Controlli
Team ,Passeggeri
Team ,Voli
Team ,Cina
14 ,Medici
14 ,Controlli
14 ,Passeggeri
14 ,Voli
14 ,Cina
Medici ,Controlli
Medici ,Passeggeri
Medici ,Voli
Medici ,Cina
Controlli ,Passeggeri
Controlli ,Voli
Controlli ,Cina
Passeggeri ,Voli
Passeggeri ,Cina
Voli ,Cina
Chinatown ,Capodanno
Chinatown ,Senza
Chinatown ,Festa
Chinatown ,Fondi
Chinatown ,Gente
Chinatown ,Wuhan
Capodanno ,Senza
Capodanno ,Festa
Capodanno ,Fondi
Capodanno ,Gente
Capodanno ,Wuhan
Senza ,Festa
Senza ,Fondi
Senza ,Gente
Senza ,Wuhan
Festa ,Fondi
Festa ,Gente
Festa ,Wuhan
Fondi ,Gente
Fondi ,Wuhan
Gente ,Wuhan
Virus ,Niente
Virus ,Festa
Virus ,Capodanno
Virus ,Cinese
Virus ,Rinviato
Niente ,Festa
Niente ,Capodanno
Niente ,Cinese
Niente ,Rinviato
Festa ,Capodanno
Festa ,Cinese
Festa ,Rinviato
Capodanno ,Cinese
Capodanno ,Rinviato
Cinese ,Rinviato
Coronavirus ,Roma
Coronavirus ,Milano
Coronavirus ,Rinviano
Coronavirus ,Capodanno
Coronavirus ,Rafforzati
Coronavirus ,Controlli
Coronavirus ,Fiumicino
Coronavirus ,Malpensa
Roma ,Milano
Roma ,Rinviano
Roma ,Capodanno
Roma ,Rafforzati
Roma ,Controlli
Roma ,Fiumicino
Roma ,Malpensa
Milano ,Rinviano
Milano ,Capodanno
Milano ,Rafforzati
Milano ,Controlli
Milano ,Fiumicino
Milano ,Malpensa
Rinviano ,Capodanno
Rinviano ,Rafforzati
Rinviano ,Controlli
Rinviano ,Fiumicino
Rinviano ,Malpensa
Capodanno ,Rafforzati
Capodanno ,Controlli
Capodanno ,Fiumicino
Capodanno ,Malpensa
Rafforzati ,Controlli
Rafforzati ,Fiumicino
Rafforzati ,Malpensa
Controlli ,Fiumicino
Controlli ,Malpensa
Fiumicino ,Malpensa
Inasia ,Esaurite
Inasia ,Scorte
Inasia ,Mascherine
Esaurite ,Scorte
Esaurite ,Mascherine
Scorte ,Mascherine
Coriandoli ,Danza
Coriandoli ,Leone
Coriandoli ,Festa
Coriandoli ,Capodanno
Coriandoli ,Cinese
Coriandoli ,Esorcizza
Coriandoli ,Incubo
Coriandoli ,Coronavirus
Danza ,Leone
Danza ,Festa
Danza ,Capodanno
Danza ,Cinese
Danza ,Esorcizza
Danza ,Incubo
Danza ,Coronavirus
Leone ,Festa
Leone ,Capodanno
Leone ,Cinese
Leone ,Esorcizza
Leone ,Incubo
Leone ,Coronavirus
Festa ,Capodanno
Festa ,Cinese
Festa ,Esorcizza
Festa ,Incubo
Festa ,Coronavirus
Capodanno ,Cinese
Capodanno ,Esorcizza
Capodanno ,Incubo
Capodanno ,Coronavirus
Cinese ,Esorcizza
Cinese ,Incubo
Cinese ,Coronavirus
Esorcizza ,Incubo
Esorcizza ,Coronavirus
Incubo ,Coronavirus
Bambini ,Rischio
Bambini ,Congiuntivite
Bambini ,Inquinamento
Rischio ,Congiuntivite
Rischio ,Inquinamento
Congiuntivite ,Inquinamento
No ,Titolo
Fiumicino ,Cessata
Fiumicino ,Allerta
Fiumicino ,Spallanzani
Fiumicino ,Pronti
Fiumicino ,Emergenza
Cessata ,Allerta
Cessata ,Spallanzani
Cessata ,Pronti
Cessata ,Emergenza
Allerta ,Spallanzani
Allerta ,Pronti
Allerta ,Emergenza
Spallanzani ,Pronti
Spallanzani ,Emergenza
Pronti ,Emergenza
Virus ,Cina
Virus ,Atterrato
Virus ,Fiumicino
Virus ,Volo
Virus ,202
Virus ,Passeggeri
Virus ,Wuhan
Virus ,Nessun
Virus ,Caso
Virus ,Segnalare
Cina ,Atterrato
Cina ,Fiumicino
Cina ,Volo
Cina ,202
Cina ,Passeggeri
Cina ,Wuhan
Cina ,Nessun
Cina ,Caso
Cina ,Segnalare
Atterrato ,Fiumicino
Atterrato ,Volo
Atterrato ,202
Atterrato ,Passeggeri
Atterrato ,Wuhan
Atterrato ,Nessun
Atterrato ,Caso
Atterrato ,Segnalare
Fiumicino ,Volo
Fiumicino ,202
Fiumicino ,Passeggeri
Fiumicino ,Wuhan
Fiumicino ,Nessun
Fiumicino ,Caso
Fiumicino ,Segnalare
Volo ,202
Volo ,Passeggeri
Volo ,Wuhan
Volo ,Nessun
Volo ,Caso
Volo ,Segnalare
202 ,Passeggeri
202 ,Wuhan
202 ,Nessun
202 ,Caso
202 ,Segnalare
Passeggeri ,Wuhan
Passeggeri ,Nessun
Passeggeri ,Caso
Passeggeri ,Segnalare
Wuhan ,Nessun
Wuhan ,Caso
Wuhan ,Segnalare
Nessun ,Caso
Nessun ,Segnalare
Caso ,Segnalare
No ,Titolo
Nelmercatodiwuhan ,Doveènatoilvirus
Nelmercatodiwuhan ,Cittàinquarantena
Doveènatoilvirus ,Cittàinquarantena
Virus ,Cinese
Virus ,Scanner
Virus ,Febbre
Virus ,Bordo
Virus ,Aereo
Virus ,Passeggeri
Virus ,Viene
Virus ,Misurata
Virus ,Temperatura
Cinese ,Scanner
Cinese ,Febbre
Cinese ,Bordo
Cinese ,Aereo
Cinese ,Passeggeri
Cinese ,Viene
Cinese ,Misurata
Cinese ,Temperatura
Scanner ,Febbre
Scanner ,Bordo
Scanner ,Aereo
Scanner ,Passeggeri
Scanner ,Viene
Scanner ,Misurata
Scanner ,Temperatura
Febbre ,Bordo
Febbre ,Aereo
Febbre ,Passeggeri
Febbre ,Viene
Febbre ,Misurata
Febbre ,Temperatura
Bordo ,Aereo
Bordo ,Passeggeri
Bordo ,Viene
Bordo ,Misurata
Bordo ,Temperatura
Aereo ,Passeggeri
Aereo ,Viene
Aereo ,Misurata
Aereo ,Temperatura
Passeggeri ,Viene
Passeggeri ,Misurata
Passeggeri ,Temperatura
Viene ,Misurata
Viene ,Temperatura
Misurata ,Temperatura
Virus ,Cina
Virus ,Santelli
Virus ,Qui
Virus ,Wuhan
Virus ,Mercato
Virus ,Pesce
Virus ,Iniziata
Virus ,Epidemia
Virus ,Videoreportage
Cina ,Santelli
Cina ,Qui
Cina ,Wuhan
Cina ,Mercato
Cina ,Pesce
Cina ,Iniziata
Cina ,Epidemia
Cina ,Videoreportage
Santelli ,Qui
Santelli ,Wuhan
Santelli ,Mercato
Santelli ,Pesce
Santelli ,Iniziata
Santelli ,Epidemia
Santelli ,Videoreportage
Qui ,Wuhan
Qui ,Mercato
Qui ,Pesce
Qui ,Iniziata
Qui ,Epidemia
Qui ,Videoreportage
Wuhan ,Mercato
Wuhan ,Pesce
Wuhan ,Iniziata
Wuhan ,Epidemia
Wuhan ,Videoreportage
Mercato ,Pesce
Mercato ,Iniziata
Mercato ,Epidemia
Mercato ,Videoreportage
Pesce ,Iniziata
Pesce ,Epidemia
Pesce ,Videoreportage
Iniziata ,Epidemia
Iniziata ,Videoreportage
Epidemia ,Videoreportage
Regalo ,Volt
Regalo ,Mascherina
Regalo ,Veleni
Volt ,Mascherina
Volt ,Veleni
Mascherina ,Veleni
Pechino ,Allarme
Pechino ,Pochi
Pechino ,Controlli
Pechino ,Quattro
Pechino ,Ore
Pechino ,Treno
Pechino ,Mascherina
Allarme ,Pochi
Allarme ,Controlli
Allarme ,Quattro
Allarme ,Ore
Allarme ,Treno
Allarme ,Mascherina
Pochi ,Controlli
Pochi ,Quattro
Pochi ,Ore
Pochi ,Treno
Pochi ,Mascherina
Controlli ,Quattro
Controlli ,Ore
Controlli ,Treno
Controlli ,Mascherina
Quattro ,Ore
Quattro ,Treno
Quattro ,Mascherina
Ore ,Treno
Ore ,Mascherina
Treno ,Mascherina
Virus ,Capodanno
Virus ,Scattano
Virus ,Controlli
Virus ,Voli
Virus ,Cina
Capodanno ,Scattano
Capodanno ,Controlli
Capodanno ,Voli
Capodanno ,Cina
Scattano ,Controlli
Scattano ,Voli
Scattano ,Cina
Controlli ,Voli
Controlli ,Cina
Voli ,Cina
Chiesa ,Taiwan
Chiesa ,Aiuta
Chiesa ,Ragazzi
Chiesa ,Lasciare
Chiesa ,Hong
Chiesa ,Kong
Chiesa ,Crisi
Chiesa ,Umanitaria
Chiesa ,Posto
Taiwan ,Aiuta
Taiwan ,Ragazzi
Taiwan ,Lasciare
Taiwan ,Hong
Taiwan ,Kong
Taiwan ,Crisi
Taiwan ,Umanitaria
Taiwan ,Posto
Aiuta ,Ragazzi
Aiuta ,Lasciare
Aiuta ,Hong
Aiuta ,Kong
Aiuta ,Crisi
Aiuta ,Umanitaria
Aiuta ,Posto
Ragazzi ,Lasciare
Ragazzi ,Hong
Ragazzi ,Kong
Ragazzi ,Crisi
Ragazzi ,Umanitaria
Ragazzi ,Posto
Lasciare ,Hong
Lasciare ,Kong
Lasciare ,Crisi
Lasciare ,Umanitaria
Lasciare ,Posto
Hong ,Kong
Hong ,Crisi
Hong ,Umanitaria
Hong ,Posto
Kong ,Crisi
Kong ,Umanitaria
Kong ,Posto
Crisi ,Umanitaria
Crisi ,Posto
Umanitaria ,Posto
Cina ,Ansia
Cina ,Mascherine
Cina ,Pendolari
Cina ,Capodanno
Cina ,Treno
Cina ,Wuhan
Cina ,Città
Cina ,Culla
Cina ,Virus
Ansia ,Mascherine
Ansia ,Pendolari
Ansia ,Capodanno
Ansia ,Treno
Ansia ,Wuhan
Ansia ,Città
Ansia ,Culla
Ansia ,Virus
Mascherine ,Pendolari
Mascherine ,Capodanno
Mascherine ,Treno
Mascherine ,Wuhan
Mascherine ,Città
Mascherine ,Culla
Mascherine ,Virus
Pendolari ,Capodanno
Pendolari ,Treno
Pendolari ,Wuhan
Pendolari ,Città
Pendolari ,Culla
Pendolari ,Virus
Capodanno ,Treno
Capodanno ,Wuhan
Capodanno ,Città
Capodanno ,Culla
Capodanno ,Virus
Treno ,Wuhan
Treno ,Città
Treno ,Culla
Treno ,Virus
Wuhan ,Città
Wuhan ,Culla
Wuhan ,Virus
Città ,Culla
Città ,Virus
Culla ,Virus
Bari ,Pallone
Bari ,Campo
Bari ,Squadra
Bari ,Calcio
Bari ,5
Bari ,Ciechi
Pallone ,Campo
Pallone ,Squadra
Pallone ,Calcio
Pallone ,5
Pallone ,Ciechi
Campo ,Squadra
Campo ,Calcio
Campo ,5
Campo ,Ciechi
Squadra ,Calcio
Squadra ,5
Squadra ,Ciechi
Calcio ,5
Calcio ,Ciechi
5 ,Ciechi
Sito ,Repubblica
Dieta ,Orari
Dieta ,Mascherine
Dieta ,Consigli
Dieta ,Proteggersi
Dieta ,Smog
Orari ,Mascherine
Orari ,Consigli
Orari ,Proteggersi
Orari ,Smog
Mascherine ,Consigli
Mascherine ,Proteggersi
Mascherine ,Smog
Consigli ,Proteggersi
Consigli ,Smog
Proteggersi ,Smog
Polmonite ,Ospedali
Polmonite ,Super
Polmonite ,Affollati
Polmonite ,Riconoscerla
Polmonite ,Affrontarla
Ospedali ,Super
Ospedali ,Affollati
Ospedali ,Riconoscerla
Ospedali ,Affrontarla
Super ,Affollati
Super ,Riconoscerla
Super ,Affrontarla
Affollati ,Riconoscerla
Affollati ,Affrontarla
Riconoscerla ,Affrontarla
Continente ,Fumo
Continente ,Australia
Continente ,Vista
Continente ,Spazio
Fumo ,Australia
Fumo ,Vista
Fumo ,Spazio
Australia ,Vista
Australia ,Spazio
Vista ,Spazio
Stop ,Traffico
Stop ,Misura
Stop ,Tampone
Stop ,Aiuterà
Stop ,Elettrico
Traffico ,Misura
Traffico ,Tampone
Traffico ,Aiuterà
Traffico ,Elettrico
Misura ,Tampone
Misura ,Aiuterà
Misura ,Elettrico
Tampone ,Aiuterà
Tampone ,Elettrico
Aiuterà ,Elettrico
