fase ,2
fase ,Montecitorio
fase ,buste
fase ,merenda
fase ,divani
fase ,vuoti
fase ,votazioni
fase ,distanza
2 ,Montecitorio
2 ,buste
2 ,merenda
2 ,divani
2 ,vuoti
2 ,votazioni
2 ,distanza
Montecitorio ,buste
Montecitorio ,merenda
Montecitorio ,divani
Montecitorio ,vuoti
Montecitorio ,votazioni
Montecitorio ,distanza
buste ,merenda
buste ,divani
buste ,vuoti
buste ,votazioni
buste ,distanza
merenda ,divani
merenda ,vuoti
merenda ,votazioni
merenda ,distanza
divani ,vuoti
divani ,votazioni
divani ,distanza
vuoti ,votazioni
vuoti ,distanza
votazioni ,distanza
Coronavirus ,flashmob
Coronavirus ,balconi
Coronavirus ,metà
Coronavirus ,marzo
Coronavirus ,senza
Coronavirus ,rispettare
Coronavirus ,distanza
Coronavirus ,ora
Coronavirus ,rsa
Coronavirus ,Bari
Coronavirus ,25
Coronavirus ,contagi
flashmob ,balconi
flashmob ,metà
flashmob ,marzo
flashmob ,senza
flashmob ,rispettare
flashmob ,distanza
flashmob ,ora
flashmob ,rsa
flashmob ,Bari
flashmob ,25
flashmob ,contagi
balconi ,metà
balconi ,marzo
balconi ,senza
balconi ,rispettare
balconi ,distanza
balconi ,ora
balconi ,rsa
balconi ,Bari
balconi ,25
balconi ,contagi
metà ,marzo
metà ,senza
metà ,rispettare
metà ,distanza
metà ,ora
metà ,rsa
metà ,Bari
metà ,25
metà ,contagi
marzo ,senza
marzo ,rispettare
marzo ,distanza
marzo ,ora
marzo ,rsa
marzo ,Bari
marzo ,25
marzo ,contagi
senza ,rispettare
senza ,distanza
senza ,ora
senza ,rsa
senza ,Bari
senza ,25
senza ,contagi
rispettare ,distanza
rispettare ,ora
rispettare ,rsa
rispettare ,Bari
rispettare ,25
rispettare ,contagi
distanza ,ora
distanza ,rsa
distanza ,Bari
distanza ,25
distanza ,contagi
ora ,rsa
ora ,Bari
ora ,25
ora ,contagi
rsa ,Bari
rsa ,25
rsa ,contagi
Bari ,25
Bari ,contagi
25 ,contagi
Coronavirus ,Germania
Coronavirus ,verso
Coronavirus ,riapertura
Coronavirus ,Merkel
Coronavirus ,Imparare
Coronavirus ,convivere
Coronavirus ,virus
Germania ,verso
Germania ,riapertura
Germania ,Merkel
Germania ,Imparare
Germania ,convivere
Germania ,virus
verso ,riapertura
verso ,Merkel
verso ,Imparare
verso ,convivere
verso ,virus
riapertura ,Merkel
riapertura ,Imparare
riapertura ,convivere
riapertura ,virus
Merkel ,Imparare
Merkel ,convivere
Merkel ,virus
Imparare ,convivere
Imparare ,virus
convivere ,virus
Coronavirus ,oltre
Coronavirus ,2
Coronavirus ,milioni
Coronavirus ,casi
Coronavirus ,130
Coronavirus ,mila
Coronavirus ,morti
Coronavirus ,Trump
Coronavirus ,sospende
Coronavirus ,fondi
Coronavirus ,Oms
Coronavirus ,Germania
Coronavirus ,verso
Coronavirus ,riapertura
oltre ,2
oltre ,milioni
oltre ,casi
oltre ,130
oltre ,mila
oltre ,morti
oltre ,Trump
oltre ,sospende
oltre ,fondi
oltre ,Oms
oltre ,Germania
oltre ,verso
oltre ,riapertura
2 ,milioni
2 ,casi
2 ,130
2 ,mila
2 ,morti
2 ,Trump
2 ,sospende
2 ,fondi
2 ,Oms
2 ,Germania
2 ,verso
2 ,riapertura
milioni ,casi
milioni ,130
milioni ,mila
milioni ,morti
milioni ,Trump
milioni ,sospende
milioni ,fondi
milioni ,Oms
milioni ,Germania
milioni ,verso
milioni ,riapertura
casi ,130
casi ,mila
casi ,morti
casi ,Trump
casi ,sospende
casi ,fondi
casi ,Oms
casi ,Germania
casi ,verso
casi ,riapertura
130 ,mila
130 ,morti
130 ,Trump
130 ,sospende
130 ,fondi
130 ,Oms
130 ,Germania
130 ,verso
130 ,riapertura
mila ,morti
mila ,Trump
mila ,sospende
mila ,fondi
mila ,Oms
mila ,Germania
mila ,verso
mila ,riapertura
morti ,Trump
morti ,sospende
morti ,fondi
morti ,Oms
morti ,Germania
morti ,verso
morti ,riapertura
Trump ,sospende
Trump ,fondi
Trump ,Oms
Trump ,Germania
Trump ,verso
Trump ,riapertura
sospende ,fondi
sospende ,Oms
sospende ,Germania
sospende ,verso
sospende ,riapertura
fondi ,Oms
fondi ,Germania
fondi ,verso
fondi ,riapertura
Oms ,Germania
Oms ,verso
Oms ,riapertura
Germania ,verso
Germania ,riapertura
verso ,riapertura
Apple ,svela
Apple ,iPhone
Apple ,SE
Apple ,seconda
Apple ,generazione
Apple ,potenza
Apple ,stile
Apple ,classico
Apple ,prezzo
Apple ,aggressivo
svela ,iPhone
svela ,SE
svela ,seconda
svela ,generazione
svela ,potenza
svela ,stile
svela ,classico
svela ,prezzo
svela ,aggressivo
iPhone ,SE
iPhone ,seconda
iPhone ,generazione
iPhone ,potenza
iPhone ,stile
iPhone ,classico
iPhone ,prezzo
iPhone ,aggressivo
SE ,seconda
SE ,generazione
SE ,potenza
SE ,stile
SE ,classico
SE ,prezzo
SE ,aggressivo
seconda ,generazione
seconda ,potenza
seconda ,stile
seconda ,classico
seconda ,prezzo
seconda ,aggressivo
generazione ,potenza
generazione ,stile
generazione ,classico
generazione ,prezzo
generazione ,aggressivo
potenza ,stile
potenza ,classico
potenza ,prezzo
potenza ,aggressivo
stile ,classico
stile ,prezzo
stile ,aggressivo
classico ,prezzo
classico ,aggressivo
prezzo ,aggressivo
Coronavirus ,caos
Coronavirus ,metrò
Coronavirus ,Mosca
Coronavirus ,lunghe
Coronavirus ,file
Coronavirus ,controlli
Coronavirus ,pass
Coronavirus ,elettronico
caos ,metrò
caos ,Mosca
caos ,lunghe
caos ,file
caos ,controlli
caos ,pass
caos ,elettronico
metrò ,Mosca
metrò ,lunghe
metrò ,file
metrò ,controlli
metrò ,pass
metrò ,elettronico
Mosca ,lunghe
Mosca ,file
Mosca ,controlli
Mosca ,pass
Mosca ,elettronico
lunghe ,file
lunghe ,controlli
lunghe ,pass
lunghe ,elettronico
file ,controlli
file ,pass
file ,elettronico
controlli ,pass
controlli ,elettronico
pass ,elettronico
Coronavirus ,mascherine
Coronavirus ,obbligatorie
Coronavirus ,Colombia
Coronavirus ,sindaca
Coronavirus ,Bogotà
Coronavirus ,posta
Coronavirus ,tutorial
mascherine ,obbligatorie
mascherine ,Colombia
mascherine ,sindaca
mascherine ,Bogotà
mascherine ,posta
mascherine ,tutorial
obbligatorie ,Colombia
obbligatorie ,sindaca
obbligatorie ,Bogotà
obbligatorie ,posta
obbligatorie ,tutorial
Colombia ,sindaca
Colombia ,Bogotà
Colombia ,posta
Colombia ,tutorial
sindaca ,Bogotà
sindaca ,posta
sindaca ,tutorial
Bogotà ,posta
Bogotà ,tutorial
posta ,tutorial
Piemonte ,mascherine
Piemonte ,obbligatorie
Piemonte ,governatore
Piemonte ,Cirio
Piemonte ,Entro
Piemonte ,inizio
Piemonte ,maggio
Piemonte ,distribuiremo
Piemonte ,5
Piemonte ,milioni
mascherine ,obbligatorie
mascherine ,governatore
mascherine ,Cirio
mascherine ,Entro
mascherine ,inizio
mascherine ,maggio
mascherine ,distribuiremo
mascherine ,5
mascherine ,milioni
obbligatorie ,governatore
obbligatorie ,Cirio
obbligatorie ,Entro
obbligatorie ,inizio
obbligatorie ,maggio
obbligatorie ,distribuiremo
obbligatorie ,5
obbligatorie ,milioni
governatore ,Cirio
governatore ,Entro
governatore ,inizio
governatore ,maggio
governatore ,distribuiremo
governatore ,5
governatore ,milioni
Cirio ,Entro
Cirio ,inizio
Cirio ,maggio
Cirio ,distribuiremo
Cirio ,5
Cirio ,milioni
Entro ,inizio
Entro ,maggio
Entro ,distribuiremo
Entro ,5
Entro ,milioni
inizio ,maggio
inizio ,distribuiremo
inizio ,5
inizio ,milioni
maggio ,distribuiremo
maggio ,5
maggio ,milioni
distribuiremo ,5
distribuiremo ,milioni
5 ,milioni
Coronavirus ,maxi
Coronavirus ,sequestro
Coronavirus ,mascherine
Coronavirus ,conformi
Coronavirus ,loghi
Coronavirus ,squadre
Coronavirus ,calcio
maxi ,sequestro
maxi ,mascherine
maxi ,conformi
maxi ,loghi
maxi ,squadre
maxi ,calcio
sequestro ,mascherine
sequestro ,conformi
sequestro ,loghi
sequestro ,squadre
sequestro ,calcio
mascherine ,conformi
mascherine ,loghi
mascherine ,squadre
mascherine ,calcio
conformi ,loghi
conformi ,squadre
conformi ,calcio
loghi ,squadre
loghi ,calcio
squadre ,calcio
Coronavirus ,Duracell
Coronavirus ,Cesvi
Coronavirus ,aiutare
Coronavirus ,ospedali
Coronavirus ,anziani
Duracell ,Cesvi
Duracell ,aiutare
Duracell ,ospedali
Duracell ,anziani
Cesvi ,aiutare
Cesvi ,ospedali
Cesvi ,anziani
aiutare ,ospedali
aiutare ,anziani
ospedali ,anziani
Tennis ,coronavirus
Tennis ,famiglia
Tennis ,Djokovic
Tennis ,donazione
Tennis ,ospedali
Tennis ,Bergamo
coronavirus ,famiglia
coronavirus ,Djokovic
coronavirus ,donazione
coronavirus ,ospedali
coronavirus ,Bergamo
famiglia ,Djokovic
famiglia ,donazione
famiglia ,ospedali
famiglia ,Bergamo
Djokovic ,donazione
Djokovic ,ospedali
Djokovic ,Bergamo
donazione ,ospedali
donazione ,Bergamo
ospedali ,Bergamo
Coronavirus ,Decaro
Coronavirus ,Anci
Coronavirus ,dovremo
Coronavirus ,abituare
Coronavirus ,girare
Coronavirus ,guanti
Coronavirus ,mascherine
Coronavirus ,fare
Coronavirus ,test
Coronavirus ,tappeto
Decaro ,Anci
Decaro ,dovremo
Decaro ,abituare
Decaro ,girare
Decaro ,guanti
Decaro ,mascherine
Decaro ,fare
Decaro ,test
Decaro ,tappeto
Anci ,dovremo
Anci ,abituare
Anci ,girare
Anci ,guanti
Anci ,mascherine
Anci ,fare
Anci ,test
Anci ,tappeto
dovremo ,abituare
dovremo ,girare
dovremo ,guanti
dovremo ,mascherine
dovremo ,fare
dovremo ,test
dovremo ,tappeto
abituare ,girare
abituare ,guanti
abituare ,mascherine
abituare ,fare
abituare ,test
abituare ,tappeto
girare ,guanti
girare ,mascherine
girare ,fare
girare ,test
girare ,tappeto
guanti ,mascherine
guanti ,fare
guanti ,test
guanti ,tappeto
mascherine ,fare
mascherine ,test
mascherine ,tappeto
fare ,test
fare ,tappeto
test ,tappeto
Lombardia ,debolezza
Lombardia ,credersi
Lombardia ,invincibili
Lombardia ,errori
Lombardia ,regione
Lombardia ,ex
Lombardia ,feudo
Lombardia ,Formigoni
Lombardia ,Berlusconi
debolezza ,credersi
debolezza ,invincibili
debolezza ,errori
debolezza ,regione
debolezza ,ex
debolezza ,feudo
debolezza ,Formigoni
debolezza ,Berlusconi
credersi ,invincibili
credersi ,errori
credersi ,regione
credersi ,ex
credersi ,feudo
credersi ,Formigoni
credersi ,Berlusconi
invincibili ,errori
invincibili ,regione
invincibili ,ex
invincibili ,feudo
invincibili ,Formigoni
invincibili ,Berlusconi
errori ,regione
errori ,ex
errori ,feudo
errori ,Formigoni
errori ,Berlusconi
regione ,ex
regione ,feudo
regione ,Formigoni
regione ,Berlusconi
ex ,feudo
ex ,Formigoni
ex ,Berlusconi
feudo ,Formigoni
feudo ,Berlusconi
Formigoni ,Berlusconi
Coronavirus ,Trieste
Coronavirus ,lancia
Coronavirus ,idea
Coronavirus ,tintarella
Coronavirus ,turni
Coronavirus ,Sardegna
Coronavirus ,invoca
Coronavirus ,tavolo
Coronavirus ,dare
Coronavirus ,regole
Coronavirus ,comuni
Trieste ,lancia
Trieste ,idea
Trieste ,tintarella
Trieste ,turni
Trieste ,Sardegna
Trieste ,invoca
Trieste ,tavolo
Trieste ,dare
Trieste ,regole
Trieste ,comuni
lancia ,idea
lancia ,tintarella
lancia ,turni
lancia ,Sardegna
lancia ,invoca
lancia ,tavolo
lancia ,dare
lancia ,regole
lancia ,comuni
idea ,tintarella
idea ,turni
idea ,Sardegna
idea ,invoca
idea ,tavolo
idea ,dare
idea ,regole
idea ,comuni
tintarella ,turni
tintarella ,Sardegna
tintarella ,invoca
tintarella ,tavolo
tintarella ,dare
tintarella ,regole
tintarella ,comuni
turni ,Sardegna
turni ,invoca
turni ,tavolo
turni ,dare
turni ,regole
turni ,comuni
Sardegna ,invoca
Sardegna ,tavolo
Sardegna ,dare
Sardegna ,regole
Sardegna ,comuni
invoca ,tavolo
invoca ,dare
invoca ,regole
invoca ,comuni
tavolo ,dare
tavolo ,regole
tavolo ,comuni
dare ,regole
dare ,comuni
regole ,comuni
Coronavirus ,firmata
Coronavirus ,circolare
Coronavirus ,controlli
Coronavirus ,Gdf
Coronavirus ,ispettorato
Coronavirus ,Lavoro
Coronavirus ,aziende
Coronavirus ,ripreso
Coronavirus ,produzione
firmata ,circolare
firmata ,controlli
firmata ,Gdf
firmata ,ispettorato
firmata ,Lavoro
firmata ,aziende
firmata ,ripreso
firmata ,produzione
circolare ,controlli
circolare ,Gdf
circolare ,ispettorato
circolare ,Lavoro
circolare ,aziende
circolare ,ripreso
circolare ,produzione
controlli ,Gdf
controlli ,ispettorato
controlli ,Lavoro
controlli ,aziende
controlli ,ripreso
controlli ,produzione
Gdf ,ispettorato
Gdf ,Lavoro
Gdf ,aziende
Gdf ,ripreso
Gdf ,produzione
ispettorato ,Lavoro
ispettorato ,aziende
ispettorato ,ripreso
ispettorato ,produzione
Lavoro ,aziende
Lavoro ,ripreso
Lavoro ,produzione
aziende ,ripreso
aziende ,produzione
ripreso ,produzione
Coronavirus ,sindaco
Coronavirus ,Decaro
Coronavirus ,Anci
Coronavirus ,riaperto
Coronavirus ,librerie
Coronavirus ,ora
Coronavirus ,altri
Coronavirus ,fretta
sindaco ,Decaro
sindaco ,Anci
sindaco ,riaperto
sindaco ,librerie
sindaco ,ora
sindaco ,altri
sindaco ,fretta
Decaro ,Anci
Decaro ,riaperto
Decaro ,librerie
Decaro ,ora
Decaro ,altri
Decaro ,fretta
Anci ,riaperto
Anci ,librerie
Anci ,ora
Anci ,altri
Anci ,fretta
riaperto ,librerie
riaperto ,ora
riaperto ,altri
riaperto ,fretta
librerie ,ora
librerie ,altri
librerie ,fretta
ora ,altri
ora ,fretta
altri ,fretta
Sospetto ,traffico
Sospetto ,illegale
Sospetto ,mascherine
Sospetto ,70mila
Sospetto ,pezzi
Sospetto ,sequestrati
Sospetto ,Bologna
traffico ,illegale
traffico ,mascherine
traffico ,70mila
traffico ,pezzi
traffico ,sequestrati
traffico ,Bologna
illegale ,mascherine
illegale ,70mila
illegale ,pezzi
illegale ,sequestrati
illegale ,Bologna
mascherine ,70mila
mascherine ,pezzi
mascherine ,sequestrati
mascherine ,Bologna
70mila ,pezzi
70mila ,sequestrati
70mila ,Bologna
pezzi ,sequestrati
pezzi ,Bologna
sequestrati ,Bologna
no ,titolo
maschera ,sub
maschera ,proteggerà
maschera ,medici
sub ,proteggerà
sub ,medici
proteggerà ,medici
ripartenza ,via
ripartenza ,Emilia
ripartenza ,Apriamo
ripartenza ,subito
ripartenza ,cantieri
via ,Emilia
via ,Apriamo
via ,subito
via ,cantieri
Emilia ,Apriamo
Emilia ,subito
Emilia ,cantieri
Apriamo ,subito
Apriamo ,cantieri
subito ,cantieri
Spagna ,mascherine
Spagna ,trasparenti
Spagna ,leggere
Spagna ,labiale
mascherine ,trasparenti
mascherine ,leggere
mascherine ,labiale
trasparenti ,leggere
trasparenti ,labiale
leggere ,labiale
Calano ,contagi
Calano ,Zero
Calano ,casi
Calano ,due
Calano ,regioni
contagi ,Zero
contagi ,casi
contagi ,due
contagi ,regioni
Zero ,casi
Zero ,due
Zero ,regioni
casi ,due
casi ,regioni
due ,regioni
tribunale ,rider
tribunale ,diritto
tribunale ,avere
tribunale ,mascherine
tribunale ,guanti
rider ,diritto
rider ,avere
rider ,mascherine
rider ,guanti
diritto ,avere
diritto ,mascherine
diritto ,guanti
avere ,mascherine
avere ,guanti
mascherine ,guanti
Truffa ,mascherine
Truffa ,Ieffi
Truffa ,gip
Truffa ,vittima
mascherine ,Ieffi
mascherine ,gip
mascherine ,vittima
Ieffi ,gip
Ieffi ,vittima
gip ,vittima
no ,titolo
Accordo ,sicurezza
Accordo ,riparte
Accordo ,cantiere
Accordo ,A1
Accordo ,essere
Accordo ,modello
sicurezza ,riparte
sicurezza ,cantiere
sicurezza ,A1
sicurezza ,essere
sicurezza ,modello
riparte ,cantiere
riparte ,A1
riparte ,essere
riparte ,modello
cantiere ,A1
cantiere ,essere
cantiere ,modello
A1 ,essere
A1 ,modello
essere ,modello
mascherine ,farmacia
mascherine ,subito
mascherine ,esaurite
farmacia ,subito
farmacia ,esaurite
subito ,esaurite
piccola ,Parigi
piccola ,Gillo
piccola ,Dorfles
piccola ,clienti
piccola ,chiedono
piccola ,cultura
piccola ,carta
Parigi ,Gillo
Parigi ,Dorfles
Parigi ,clienti
Parigi ,chiedono
Parigi ,cultura
Parigi ,carta
Gillo ,Dorfles
Gillo ,clienti
Gillo ,chiedono
Gillo ,cultura
Gillo ,carta
Dorfles ,clienti
Dorfles ,chiedono
Dorfles ,cultura
Dorfles ,carta
clienti ,chiedono
clienti ,cultura
clienti ,carta
chiedono ,cultura
chiedono ,carta
cultura ,carta
Gestori ,lidi
Gestori ,pressing
Gestori ,deroga
Gestori ,estate
lidi ,pressing
lidi ,deroga
lidi ,estate
pressing ,deroga
pressing ,estate
deroga ,estate
mascherine ,farmacia
mascherine ,subito
mascherine ,esaurite
farmacia ,subito
farmacia ,esaurite
subito ,esaurite
piccola ,Parigi
piccola ,Gillo
piccola ,Dorfles
piccola ,clienti
piccola ,chiedono
piccola ,cultura
piccola ,carta
Parigi ,Gillo
Parigi ,Dorfles
Parigi ,clienti
Parigi ,chiedono
Parigi ,cultura
Parigi ,carta
Gillo ,Dorfles
Gillo ,clienti
Gillo ,chiedono
Gillo ,cultura
Gillo ,carta
Dorfles ,clienti
Dorfles ,chiedono
Dorfles ,cultura
Dorfles ,carta
clienti ,chiedono
clienti ,cultura
clienti ,carta
chiedono ,cultura
chiedono ,carta
cultura ,carta
Gestori ,lidi
Gestori ,pressing
Gestori ,deroga
Gestori ,estate
lidi ,pressing
lidi ,deroga
lidi ,estate
pressing ,deroga
pressing ,estate
deroga ,estate
Lucca ,oggi
Lucca ,obbligo
Lucca ,mascherine
oggi ,obbligo
oggi ,mascherine
obbligo ,mascherine
tribunale ,rider
tribunale ,diritto
tribunale ,avere
tribunale ,mascherine
tribunale ,guanti
rider ,diritto
rider ,avere
rider ,mascherine
rider ,guanti
diritto ,avere
diritto ,mascherine
diritto ,guanti
avere ,mascherine
avere ,guanti
mascherine ,guanti
Truffa ,mascherine
Truffa ,Ieffi
Truffa ,gip
Truffa ,vittima
mascherine ,Ieffi
mascherine ,gip
mascherine ,vittima
Ieffi ,gip
Ieffi ,vittima
gip ,vittima
buona ,impresa
buona ,dopo
impresa ,dopo
settimana ,Pasqua
settimana ,morti
settimana ,giorno
settimana ,ora
settimana ,quasi
settimana ,300
settimana ,malati
Pasqua ,morti
Pasqua ,giorno
Pasqua ,ora
Pasqua ,quasi
Pasqua ,300
Pasqua ,malati
morti ,giorno
morti ,ora
morti ,quasi
morti ,300
morti ,malati
giorno ,ora
giorno ,quasi
giorno ,300
giorno ,malati
ora ,quasi
ora ,300
ora ,malati
quasi ,300
quasi ,malati
300 ,malati
Italia ,indietro
Italia ,riaperture
Italia ,rispetto
Italia ,altri
Italia ,PaesiUe
Italia ,Fabbriche
Italia ,lunedì
Italia ,via
Italia ,libera
indietro ,riaperture
indietro ,rispetto
indietro ,altri
indietro ,PaesiUe
indietro ,Fabbriche
indietro ,lunedì
indietro ,via
indietro ,libera
riaperture ,rispetto
riaperture ,altri
riaperture ,PaesiUe
riaperture ,Fabbriche
riaperture ,lunedì
riaperture ,via
riaperture ,libera
rispetto ,altri
rispetto ,PaesiUe
rispetto ,Fabbriche
rispetto ,lunedì
rispetto ,via
rispetto ,libera
altri ,PaesiUe
altri ,Fabbriche
altri ,lunedì
altri ,via
altri ,libera
PaesiUe ,Fabbriche
PaesiUe ,lunedì
PaesiUe ,via
PaesiUe ,libera
Fabbriche ,lunedì
Fabbriche ,via
Fabbriche ,libera
lunedì ,via
lunedì ,libera
via ,libera
Speranze ,paure
Speranze ,riparte
Speranze ,molte
Speranze ,saracinesche
Speranze ,chiuse
paure ,riparte
paure ,molte
paure ,saracinesche
paure ,chiuse
riparte ,molte
riparte ,saracinesche
riparte ,chiuse
molte ,saracinesche
molte ,chiuse
saracinesche ,chiuse
musica ,finita
musica ,Così
musica ,ripartirà
finita ,Così
finita ,ripartirà
Così ,ripartirà
foto ,via
foto ,Maqueda
foto ,liberi
via ,Maqueda
via ,liberi
Maqueda ,liberi
Sos ,case
Sos ,riposo
case ,riposo
Negozi ,bimbi
Negozi ,serrande
Negozi ,pochi
Negozi ,clienti
Negozi ,incasso
Negozi ,zero
bimbi ,serrande
bimbi ,pochi
bimbi ,clienti
bimbi ,incasso
bimbi ,zero
serrande ,pochi
serrande ,clienti
serrande ,incasso
serrande ,zero
pochi ,clienti
pochi ,incasso
pochi ,zero
clienti ,incasso
clienti ,zero
incasso ,zero
libreria ,meno
libreria ,scaffali
libreria ,cronometro
meno ,scaffali
meno ,cronometro
scaffali ,cronometro
Mascherine ,esaurite
Mascherine ,assalto
Mascherine ,farmacia
esaurite ,assalto
esaurite ,farmacia
assalto ,farmacia
ritorno ,Paolucci
ritorno ,braccio
ritorno ,destro
ritorno ,commissario
ritorno ,Arcuri
Paolucci ,braccio
Paolucci ,destro
Paolucci ,commissario
Paolucci ,Arcuri
braccio ,destro
braccio ,commissario
braccio ,Arcuri
destro ,commissario
destro ,Arcuri
commissario ,Arcuri
aiuole ,onnipresenti
aiuole ,guanti
aiuole ,usa-
aiuole ,e-
aiuole ,getta
onnipresenti ,guanti
onnipresenti ,usa-
onnipresenti ,e-
onnipresenti ,getta
guanti ,usa-
guanti ,e-
guanti ,getta
usa- ,e-
usa- ,getta
e- ,getta
Controlli ,162
Controlli ,sanzioni
Controlli ,Multe
Controlli ,drone
162 ,sanzioni
162 ,Multe
162 ,drone
sanzioni ,Multe
sanzioni ,drone
Multe ,drone
furbetti ,cambio
furbetti ,codice
furbetti ,provano
furbetti ,140
furbetti ,aziende
furbetti ,tre
furbetti ,quattro
furbetti ,viene
furbetti ,rifiutato
cambio ,codice
cambio ,provano
cambio ,140
cambio ,aziende
cambio ,tre
cambio ,quattro
cambio ,viene
cambio ,rifiutato
codice ,provano
codice ,140
codice ,aziende
codice ,tre
codice ,quattro
codice ,viene
codice ,rifiutato
provano ,140
provano ,aziende
provano ,tre
provano ,quattro
provano ,viene
provano ,rifiutato
140 ,aziende
140 ,tre
140 ,quattro
140 ,viene
140 ,rifiutato
aziende ,tre
aziende ,quattro
aziende ,viene
aziende ,rifiutato
tre ,quattro
tre ,viene
tre ,rifiutato
quattro ,viene
quattro ,rifiutato
viene ,rifiutato
no ,titolo
Aziende ,fabbriche
Aziende ,furbetti
Aziende ,vaglio
Aziende ,prefettura
Aziende ,5
Aziende ,mila
Aziende ,richieste
Aziende ,riaprire
fabbriche ,furbetti
fabbriche ,vaglio
fabbriche ,prefettura
fabbriche ,5
fabbriche ,mila
fabbriche ,richieste
fabbriche ,riaprire
furbetti ,vaglio
furbetti ,prefettura
furbetti ,5
furbetti ,mila
furbetti ,richieste
furbetti ,riaprire
vaglio ,prefettura
vaglio ,5
vaglio ,mila
vaglio ,richieste
vaglio ,riaprire
prefettura ,5
prefettura ,mila
prefettura ,richieste
prefettura ,riaprire
5 ,mila
5 ,richieste
5 ,riaprire
mila ,richieste
mila ,riaprire
richieste ,riaprire
chiedono ,tampone
chiedono ,visitiamo
chiedono ,soltanto
chiedono ,Troppi
chiedono ,freni
chiedono ,burocratici
tampone ,visitiamo
tampone ,soltanto
tampone ,Troppi
tampone ,freni
tampone ,burocratici
visitiamo ,soltanto
visitiamo ,Troppi
visitiamo ,freni
visitiamo ,burocratici
soltanto ,Troppi
soltanto ,freni
soltanto ,burocratici
Troppi ,freni
Troppi ,burocratici
freni ,burocratici
Via ,gara
Via ,3
Via ,milioni
Via ,mascherine
gara ,3
gara ,milioni
gara ,mascherine
3 ,milioni
3 ,mascherine
milioni ,mascherine
trasporto ,pubblico
trasporto ,locale
trasporto ,200
trasporto ,mila
trasporto ,mascherine
pubblico ,locale
pubblico ,200
pubblico ,mila
pubblico ,mascherine
locale ,200
locale ,mila
locale ,mascherine
200 ,mila
200 ,mascherine
mila ,mascherine
Altri ,21
Altri ,positivi
Altri ,quattro
Altri ,morti
Altri ,Crescono
Altri ,guariti
Altri ,già
Altri ,255
21 ,positivi
21 ,quattro
21 ,morti
21 ,Crescono
21 ,guariti
21 ,già
21 ,255
positivi ,quattro
positivi ,morti
positivi ,Crescono
positivi ,guariti
positivi ,già
positivi ,255
quattro ,morti
quattro ,Crescono
quattro ,guariti
quattro ,già
quattro ,255
morti ,Crescono
morti ,guariti
morti ,già
morti ,255
Crescono ,guariti
Crescono ,già
Crescono ,255
guariti ,già
guariti ,255
già ,255
Coronavirus ,affari
Coronavirus ,esplodono
Coronavirus ,dark
Coronavirus ,web
Coronavirus ,Mascherine
Coronavirus ,clorochina
Coronavirus ,test
Coronavirus ,sierologici
Coronavirus ,prezzi
Coronavirus ,gonfiati
affari ,esplodono
affari ,dark
affari ,web
affari ,Mascherine
affari ,clorochina
affari ,test
affari ,sierologici
affari ,prezzi
affari ,gonfiati
esplodono ,dark
esplodono ,web
esplodono ,Mascherine
esplodono ,clorochina
esplodono ,test
esplodono ,sierologici
esplodono ,prezzi
esplodono ,gonfiati
dark ,web
dark ,Mascherine
dark ,clorochina
dark ,test
dark ,sierologici
dark ,prezzi
dark ,gonfiati
web ,Mascherine
web ,clorochina
web ,test
web ,sierologici
web ,prezzi
web ,gonfiati
Mascherine ,clorochina
Mascherine ,test
Mascherine ,sierologici
Mascherine ,prezzi
Mascherine ,gonfiati
clorochina ,test
clorochina ,sierologici
clorochina ,prezzi
clorochina ,gonfiati
test ,sierologici
test ,prezzi
test ,gonfiati
sierologici ,prezzi
sierologici ,gonfiati
prezzi ,gonfiati
Decathlon ,10mila
Decathlon ,maschere
Decathlon ,snorkeling
Decathlon ,emergenza
Decathlon ,Covid
Decathlon ,Così
Decathlon ,nata
Decathlon ,idea
Decathlon ,donarle
10mila ,maschere
10mila ,snorkeling
10mila ,emergenza
10mila ,Covid
10mila ,Così
10mila ,nata
10mila ,idea
10mila ,donarle
maschere ,snorkeling
maschere ,emergenza
maschere ,Covid
maschere ,Così
maschere ,nata
maschere ,idea
maschere ,donarle
snorkeling ,emergenza
snorkeling ,Covid
snorkeling ,Così
snorkeling ,nata
snorkeling ,idea
snorkeling ,donarle
emergenza ,Covid
emergenza ,Così
emergenza ,nata
emergenza ,idea
emergenza ,donarle
Covid ,Così
Covid ,nata
Covid ,idea
Covid ,donarle
Così ,nata
Così ,idea
Così ,donarle
nata ,idea
nata ,donarle
idea ,donarle
Cina ,riparte
Cina ,business
Cina ,casa
riparte ,business
riparte ,casa
business ,casa
Africa ,Covid
Africa ,19
Africa ,Addis
Africa ,Abeba
Africa ,primo
Africa ,volo
Africa ,ONU
Africa ,forniture
Africa ,mediche
Africa ,vitali
Africa ,destinate
Africa ,continente
Covid ,19
Covid ,Addis
Covid ,Abeba
Covid ,primo
Covid ,volo
Covid ,ONU
Covid ,forniture
Covid ,mediche
Covid ,vitali
Covid ,destinate
Covid ,continente
19 ,Addis
19 ,Abeba
19 ,primo
19 ,volo
19 ,ONU
19 ,forniture
19 ,mediche
19 ,vitali
19 ,destinate
19 ,continente
Addis ,Abeba
Addis ,primo
Addis ,volo
Addis ,ONU
Addis ,forniture
Addis ,mediche
Addis ,vitali
Addis ,destinate
Addis ,continente
Abeba ,primo
Abeba ,volo
Abeba ,ONU
Abeba ,forniture
Abeba ,mediche
Abeba ,vitali
Abeba ,destinate
Abeba ,continente
primo ,volo
primo ,ONU
primo ,forniture
primo ,mediche
primo ,vitali
primo ,destinate
primo ,continente
volo ,ONU
volo ,forniture
volo ,mediche
volo ,vitali
volo ,destinate
volo ,continente
ONU ,forniture
ONU ,mediche
ONU ,vitali
ONU ,destinate
ONU ,continente
forniture ,mediche
forniture ,vitali
forniture ,destinate
forniture ,continente
mediche ,vitali
mediche ,destinate
mediche ,continente
vitali ,destinate
vitali ,continente
destinate ,continente
Coronavirus ,grandi
Coronavirus ,colossi
Coronavirus ,piccole
Coronavirus ,aziende
Coronavirus ,continua
Coronavirus ,solidarietà
Coronavirus ,ospedali
Coronavirus ,Protezione
Coronavirus ,Civile
grandi ,colossi
grandi ,piccole
grandi ,aziende
grandi ,continua
grandi ,solidarietà
grandi ,ospedali
grandi ,Protezione
grandi ,Civile
colossi ,piccole
colossi ,aziende
colossi ,continua
colossi ,solidarietà
colossi ,ospedali
colossi ,Protezione
colossi ,Civile
piccole ,aziende
piccole ,continua
piccole ,solidarietà
piccole ,ospedali
piccole ,Protezione
piccole ,Civile
aziende ,continua
aziende ,solidarietà
aziende ,ospedali
aziende ,Protezione
aziende ,Civile
continua ,solidarietà
continua ,ospedali
continua ,Protezione
continua ,Civile
solidarietà ,ospedali
solidarietà ,Protezione
solidarietà ,Civile
ospedali ,Protezione
ospedali ,Civile
Protezione ,Civile
Pitti ,Uomo
Pitti ,NewYorkFashion
Pitti ,Week
Pitti ,così
Pitti ,Covid
Pitti ,cambia
Pitti ,passerelle
Uomo ,NewYorkFashion
Uomo ,Week
Uomo ,così
Uomo ,Covid
Uomo ,cambia
Uomo ,passerelle
NewYorkFashion ,Week
NewYorkFashion ,così
NewYorkFashion ,Covid
NewYorkFashion ,cambia
NewYorkFashion ,passerelle
Week ,così
Week ,Covid
Week ,cambia
Week ,passerelle
così ,Covid
così ,cambia
così ,passerelle
Covid ,cambia
Covid ,passerelle
cambia ,passerelle
Banca ,Ifis
Banca ,finanziamenti
Banca ,agevolati
Banca ,imprese
Banca ,clienti
Ifis ,finanziamenti
Ifis ,agevolati
Ifis ,imprese
Ifis ,clienti
finanziamenti ,agevolati
finanziamenti ,imprese
finanziamenti ,clienti
agevolati ,imprese
agevolati ,clienti
imprese ,clienti
Coronavirus ,ministero
Coronavirus ,Istruzione
Coronavirus ,rilancia
Coronavirus ,Nuove
Coronavirus ,risorse
Coronavirus ,scuola
Coronavirus ,presto
Coronavirus ,cantieri
ministero ,Istruzione
ministero ,rilancia
ministero ,Nuove
ministero ,risorse
ministero ,scuola
ministero ,presto
ministero ,cantieri
Istruzione ,rilancia
Istruzione ,Nuove
Istruzione ,risorse
Istruzione ,scuola
Istruzione ,presto
Istruzione ,cantieri
rilancia ,Nuove
rilancia ,risorse
rilancia ,scuola
rilancia ,presto
rilancia ,cantieri
Nuove ,risorse
Nuove ,scuola
Nuove ,presto
Nuove ,cantieri
risorse ,scuola
risorse ,presto
risorse ,cantieri
scuola ,presto
scuola ,cantieri
presto ,cantieri
Coronavirus ,blitz
Coronavirus ,guardia
Coronavirus ,finanza
Coronavirus ,Trivulzio
Coronavirus ,300
Coronavirus ,morti
Coronavirus ,Pio
Coronavirus ,Albergo
Coronavirus ,istituto
Coronavirus ,Don
Coronavirus ,Gnocchi
blitz ,guardia
blitz ,finanza
blitz ,Trivulzio
blitz ,300
blitz ,morti
blitz ,Pio
blitz ,Albergo
blitz ,istituto
blitz ,Don
blitz ,Gnocchi
guardia ,finanza
guardia ,Trivulzio
guardia ,300
guardia ,morti
guardia ,Pio
guardia ,Albergo
guardia ,istituto
guardia ,Don
guardia ,Gnocchi
finanza ,Trivulzio
finanza ,300
finanza ,morti
finanza ,Pio
finanza ,Albergo
finanza ,istituto
finanza ,Don
finanza ,Gnocchi
Trivulzio ,300
Trivulzio ,morti
Trivulzio ,Pio
Trivulzio ,Albergo
Trivulzio ,istituto
Trivulzio ,Don
Trivulzio ,Gnocchi
300 ,morti
300 ,Pio
300 ,Albergo
300 ,istituto
300 ,Don
300 ,Gnocchi
morti ,Pio
morti ,Albergo
morti ,istituto
morti ,Don
morti ,Gnocchi
Pio ,Albergo
Pio ,istituto
Pio ,Don
Pio ,Gnocchi
Albergo ,istituto
Albergo ,Don
Albergo ,Gnocchi
istituto ,Don
istituto ,Gnocchi
Don ,Gnocchi
Porte ,chiuse
Porte ,librerie
Porte ,aprono
chiuse ,librerie
chiuse ,aprono
librerie ,aprono
task ,force
Regno ,Unito
cuore ,Afro-Napoli
cuore ,United
cuore ,calciatori
cuore ,aiutano
cuore ,anziani
cuore ,Spesa
cuore ,casa
cuore ,pensiamo
Afro-Napoli ,United
Afro-Napoli ,calciatori
Afro-Napoli ,aiutano
Afro-Napoli ,anziani
Afro-Napoli ,Spesa
Afro-Napoli ,casa
Afro-Napoli ,pensiamo
United ,calciatori
United ,aiutano
United ,anziani
United ,Spesa
United ,casa
United ,pensiamo
calciatori ,aiutano
calciatori ,anziani
calciatori ,Spesa
calciatori ,casa
calciatori ,pensiamo
aiutano ,anziani
aiutano ,Spesa
aiutano ,casa
aiutano ,pensiamo
anziani ,Spesa
anziani ,casa
anziani ,pensiamo
Spesa ,casa
Spesa ,pensiamo
casa ,pensiamo
corriere ,ferie
corriere ,salvarsi
corriere ,bastato
ferie ,salvarsi
ferie ,bastato
salvarsi ,bastato
Subito ,auto
Subito ,moda
Subito ,metalli
Subito ,tecnici
Subito ,prudenti
auto ,moda
auto ,metalli
auto ,tecnici
auto ,prudenti
moda ,metalli
moda ,tecnici
moda ,prudenti
metalli ,tecnici
metalli ,prudenti
tecnici ,prudenti
vie ,segrete
vie ,epidemia
vie ,grande
vie ,metropoli
vie ,malata
segrete ,epidemia
segrete ,grande
segrete ,metropoli
segrete ,malata
epidemia ,grande
epidemia ,metropoli
epidemia ,malata
grande ,metropoli
grande ,malata
metropoli ,malata
no ,titolo
Cibo ,affitti
Cibo ,farmaci
Cibo ,informazioni
Cibo ,ecco
Cibo ,rete
Cibo ,10
Cibo ,mila
Cibo ,invisibili
affitti ,farmaci
affitti ,informazioni
affitti ,ecco
affitti ,rete
affitti ,10
affitti ,mila
affitti ,invisibili
farmaci ,informazioni
farmaci ,ecco
farmaci ,rete
farmaci ,10
farmaci ,mila
farmaci ,invisibili
informazioni ,ecco
informazioni ,rete
informazioni ,10
informazioni ,mila
informazioni ,invisibili
ecco ,rete
ecco ,10
ecco ,mila
ecco ,invisibili
rete ,10
rete ,mila
rete ,invisibili
10 ,mila
10 ,invisibili
mila ,invisibili
Sanitari ,trincea
Positivo ,rimandato
Positivo ,casa
Positivo ,riposo
Positivo ,aspettiamo
Positivo ,muoia
rimandato ,casa
rimandato ,riposo
rimandato ,aspettiamo
rimandato ,muoia
casa ,riposo
casa ,aspettiamo
casa ,muoia
riposo ,aspettiamo
riposo ,muoia
aspettiamo ,muoia
mascherine ,distribuirle
mascherine ,cittadini
distribuirle ,cittadini
AlGolgi ,Redaelli
AlGolgi ,ammalati
AlGolgi ,sani
AlGolgi ,reparti
Redaelli ,ammalati
Redaelli ,sani
Redaelli ,reparti
ammalati ,sani
ammalati ,reparti
sani ,reparti
conclude ,oggi
conclude ,consegna
conclude ,mascherine
oggi ,consegna
oggi ,mascherine
consegna ,mascherine
Abbigliamento ,bambini
Abbigliamento ,entrare
Abbigliamento ,figli
Abbigliamento ,Piemonte
Abbigliamento ,ripartono
bambini ,entrare
bambini ,figli
bambini ,Piemonte
bambini ,ripartono
entrare ,figli
entrare ,Piemonte
entrare ,ripartono
figli ,Piemonte
figli ,ripartono
Piemonte ,ripartono
San ,Camillo
San ,prima
San ,vittima
San ,personale
San ,servizio
Camillo ,prima
Camillo ,vittima
Camillo ,personale
Camillo ,servizio
prima ,vittima
prima ,personale
prima ,servizio
vittima ,personale
vittima ,servizio
personale ,servizio
Mascherine ,Aism
